Port Name,State,Port Code,Border,Date,Measure,Value
Warroad,Minnesota,3423,US-Canada Border,06/01/2019 12:00:00 AM,Truck Containers Full,133
Warroad,Minnesota,3423,US-Canada Border,06/01/2019 12:00:00 AM,Truck Containers Empty,298
Warroad,Minnesota,3423,US-Canada Border,06/01/2019 12:00:00 AM,Personal Vehicles,10383
Warroad,Minnesota,3423,US-Canada Border,06/01/2019 12:00:00 AM,Personal Vehicle Passengers,19459
Warroad,Minnesota,3423,US-Canada Border,06/01/2019 12:00:00 AM,Pedestrians,2
Warroad,Minnesota,3423,US-Canada Border,06/01/2019 12:00:00 AM,Buses,3
Warroad,Minnesota,3423,US-Canada Border,06/01/2019 12:00:00 AM,Bus Passengers,63
Roseau,Minnesota,3426,US-Canada Border,06/01/2019 12:00:00 AM,Trucks,290
Roseau,Minnesota,3426,US-Canada Border,06/01/2019 12:00:00 AM,Truck Containers Full,110
Roseau,Minnesota,3426,US-Canada Border,06/01/2019 12:00:00 AM,Truck Containers Empty,182
Roseau,Minnesota,3426,US-Canada Border,06/01/2019 12:00:00 AM,Personal Vehicles,3964
Roseau,Minnesota,3426,US-Canada Border,06/01/2019 12:00:00 AM,Personal Vehicle Passengers,7385
Roseau,Minnesota,3426,US-Canada Border,06/01/2019 12:00:00 AM,Buses,4
Roseau,Minnesota,3426,US-Canada Border,06/01/2019 12:00:00 AM,Bus Passengers,118
Detroit,Michigan,3801,US-Canada Border,06/01/2019 12:00:00 AM,Personal Vehicle Passengers,599521
Detroit,Michigan,3801,US-Canada Border,06/01/2019 12:00:00 AM,Buses,615
Detroit,Michigan,3801,US-Canada Border,06/01/2019 12:00:00 AM,Bus Passengers,6274
Del Rio,Texas,2302,US-Mexico Border,06/01/2019 12:00:00 AM,Pedestrians,14898
Del Rio,Texas,2302,US-Mexico Border,06/01/2019 12:00:00 AM,Personal Vehicles,123068
Del Rio,Texas,2302,US-Mexico Border,06/01/2019 12:00:00 AM,Personal Vehicle Passengers,238721
Anacortes,Washington,3010,US-Canada Border,06/01/2019 12:00:00 AM,Personal Vehicles,3438
Anacortes,Washington,3010,US-Canada Border,06/01/2019 12:00:00 AM,Personal Vehicle Passengers,8348
Sumas,Washington,3009,US-Canada Border,06/01/2019 12:00:00 AM,Trucks,13337
Sumas,Washington,3009,US-Canada Border,06/01/2019 12:00:00 AM,Truck Containers Full,10799
Sumas,Washington,3009,US-Canada Border,06/01/2019 12:00:00 AM,Truck Containers Empty,3390
Sumas,Washington,3009,US-Canada Border,06/01/2019 12:00:00 AM,Trains,10
Sumas,Washington,3009,US-Canada Border,06/01/2019 12:00:00 AM,Train Passengers,30
Sumas,Washington,3009,US-Canada Border,06/01/2019 12:00:00 AM,Rail Containers Full,98
Sumas,Washington,3009,US-Canada Border,06/01/2019 12:00:00 AM,Rail Containers Empty,246
Sumas,Washington,3009,US-Canada Border,06/01/2019 12:00:00 AM,Personal Vehicles,77972
Sumas,Washington,3009,US-Canada Border,06/01/2019 12:00:00 AM,Personal Vehicle Passengers,135620
Sumas,Washington,3009,US-Canada Border,06/01/2019 12:00:00 AM,Pedestrians,5515
Sumas,Washington,3009,US-Canada Border,06/01/2019 12:00:00 AM,Buses,24
Sumas,Washington,3009,US-Canada Border,06/01/2019 12:00:00 AM,Bus Passengers,413
Port Angeles,Washington,3007,US-Canada Border,06/01/2019 12:00:00 AM,Trucks,57
Port Angeles,Washington,3007,US-Canada Border,06/01/2019 12:00:00 AM,Truck Containers Full,26
Port Angeles,Washington,3007,US-Canada Border,06/01/2019 12:00:00 AM,Truck Containers Empty,31
Port Angeles,Washington,3007,US-Canada Border,06/01/2019 12:00:00 AM,Personal Vehicles,7563
Port Angeles,Washington,3007,US-Canada Border,06/01/2019 12:00:00 AM,Personal Vehicle Passengers,18227
Port Angeles,Washington,3007,US-Canada Border,06/01/2019 12:00:00 AM,Buses,13
Port Angeles,Washington,3007,US-Canada Border,06/01/2019 12:00:00 AM,Bus Passengers,156
Point Roberts,Washington,3017,US-Canada Border,06/01/2019 12:00:00 AM,Trucks,1135
Point Roberts,Washington,3017,US-Canada Border,06/01/2019 12:00:00 AM,Truck Containers Full,328
Point Roberts,Washington,3017,US-Canada Border,06/01/2019 12:00:00 AM,Truck Containers Empty,808
Point Roberts,Washington,3017,US-Canada Border,06/01/2019 12:00:00 AM,Personal Vehicles,86044
Point Roberts,Washington,3017,US-Canada Border,06/01/2019 12:00:00 AM,Personal Vehicle Passengers,134013
Point Roberts,Washington,3017,US-Canada Border,06/01/2019 12:00:00 AM,Pedestrians,3109
Point Roberts,Washington,3017,US-Canada Border,06/01/2019 12:00:00 AM,Buses,24
Point Roberts,Washington,3017,US-Canada Border,06/01/2019 12:00:00 AM,Bus Passengers,624
Oroville,Washington,3019,US-Canada Border,06/01/2019 12:00:00 AM,Trucks,2630
Oroville,Washington,3019,US-Canada Border,06/01/2019 12:00:00 AM,Truck Containers Full,1766
Oroville,Washington,3019,US-Canada Border,06/01/2019 12:00:00 AM,Truck Containers Empty,909
Oroville,Washington,3019,US-Canada Border,06/01/2019 12:00:00 AM,Personal Vehicles,20221
Oroville,Washington,3019,US-Canada Border,06/01/2019 12:00:00 AM,Personal Vehicle Passengers,36210
Oroville,Washington,3019,US-Canada Border,06/01/2019 12:00:00 AM,Pedestrians,472
Oroville,Washington,3019,US-Canada Border,06/01/2019 12:00:00 AM,Buses,5
Oroville,Washington,3019,US-Canada Border,06/01/2019 12:00:00 AM,Bus Passengers,201
Nighthawk,Washington,3011,US-Canada Border,06/01/2019 12:00:00 AM,Personal Vehicles,640
Nighthawk,Washington,3011,US-Canada Border,06/01/2019 12:00:00 AM,Personal Vehicle Passengers,1110
Nighthawk,Washington,3011,US-Canada Border,06/01/2019 12:00:00 AM,Pedestrians,2
Metaline Falls,Washington,3025,US-Canada Border,06/01/2019 12:00:00 AM,Trucks,431
Metaline Falls,Washington,3025,US-Canada Border,06/01/2019 12:00:00 AM,Truck Containers Full,27
Metaline Falls,Washington,3025,US-Canada Border,06/01/2019 12:00:00 AM,Truck Containers Empty,409
Metaline Falls,Washington,3025,US-Canada Border,06/01/2019 12:00:00 AM,Personal Vehicles,2428
Metaline Falls,Washington,3025,US-Canada Border,06/01/2019 12:00:00 AM,Personal Vehicle Passengers,4863
Metaline Falls,Washington,3025,US-Canada Border,06/01/2019 12:00:00 AM,Pedestrians,1
Metaline Falls,Washington,3025,US-Canada Border,06/01/2019 12:00:00 AM,Buses,7
Metaline Falls,Washington,3025,US-Canada Border,06/01/2019 12:00:00 AM,Bus Passengers,202
Lynden,Washington,3023,US-Canada Border,06/01/2019 12:00:00 AM,Trucks,3323
Lynden,Washington,3023,US-Canada Border,06/01/2019 12:00:00 AM,Truck Containers Full,627
Lynden,Washington,3023,US-Canada Border,06/01/2019 12:00:00 AM,Truck Containers Empty,2730
Lynden,Washington,3023,US-Canada Border,06/01/2019 12:00:00 AM,Personal Vehicles,54001
Lynden,Washington,3023,US-Canada Border,06/01/2019 12:00:00 AM,Personal Vehicle Passengers,105375
Lynden,Washington,3023,US-Canada Border,06/01/2019 12:00:00 AM,Pedestrians,100
Lynden,Washington,3023,US-Canada Border,06/01/2019 12:00:00 AM,Buses,3
Lynden,Washington,3023,US-Canada Border,06/01/2019 12:00:00 AM,Bus Passengers,139
Laurier,Washington,3016,US-Canada Border,06/01/2019 12:00:00 AM,Trucks,492
Laurier,Washington,3016,US-Canada Border,06/01/2019 12:00:00 AM,Truck Containers Full,113
Laurier,Washington,3016,US-Canada Border,06/01/2019 12:00:00 AM,Truck Containers Empty,381
Laurier,Washington,3016,US-Canada Border,06/01/2019 12:00:00 AM,Trains,11
Laurier,Washington,3016,US-Canada Border,06/01/2019 12:00:00 AM,Train Passengers,22
Laurier,Washington,3016,US-Canada Border,06/01/2019 12:00:00 AM,Rail Containers Full,199
Laurier,Washington,3016,US-Canada Border,06/01/2019 12:00:00 AM,Rail Containers Empty,35
Laurier,Washington,3016,US-Canada Border,06/01/2019 12:00:00 AM,Personal Vehicles,4279
Laurier,Washington,3016,US-Canada Border,06/01/2019 12:00:00 AM,Personal Vehicle Passengers,7592
Laurier,Washington,3016,US-Canada Border,06/01/2019 12:00:00 AM,Buses,1
Laurier,Washington,3016,US-Canada Border,06/01/2019 12:00:00 AM,Bus Passengers,20
Frontier,Washington,3020,US-Canada Border,06/01/2019 12:00:00 AM,Trucks,1979
Frontier,Washington,3020,US-Canada Border,06/01/2019 12:00:00 AM,Truck Containers Full,619
Frontier,Washington,3020,US-Canada Border,06/01/2019 12:00:00 AM,Truck Containers Empty,1555
Frontier,Washington,3020,US-Canada Border,06/01/2019 12:00:00 AM,Personal Vehicles,3508
Frontier,Washington,3020,US-Canada Border,06/01/2019 12:00:00 AM,Personal Vehicle Passengers,6340
Frontier,Washington,3020,US-Canada Border,06/01/2019 12:00:00 AM,Pedestrians,14
Frontier,Washington,3020,US-Canada Border,06/01/2019 12:00:00 AM,Buses,6
Frontier,Washington,3020,US-Canada Border,06/01/2019 12:00:00 AM,Bus Passengers,183
Friday Harbor,Washington,3014,US-Canada Border,06/01/2019 12:00:00 AM,Personal Vehicles,444
Friday Harbor,Washington,3014,US-Canada Border,06/01/2019 12:00:00 AM,Personal Vehicle Passengers,1004
Ferry,Washington,3013,US-Canada Border,06/01/2019 12:00:00 AM,Trucks,2
Ferry,Washington,3013,US-Canada Border,06/01/2019 12:00:00 AM,Truck Containers Empty,2
Ferry,Washington,3013,US-Canada Border,06/01/2019 12:00:00 AM,Personal Vehicles,1196
Ferry,Washington,3013,US-Canada Border,06/01/2019 12:00:00 AM,Personal Vehicle Passengers,2216
Ferry,Washington,3013,US-Canada Border,06/01/2019 12:00:00 AM,Pedestrians,10
Danville,Washington,3012,US-Canada Border,06/01/2019 12:00:00 AM,Trucks,51
Danville,Washington,3012,US-Canada Border,06/01/2019 12:00:00 AM,Truck Containers Full,17
Danville,Washington,3012,US-Canada Border,06/01/2019 12:00:00 AM,Truck Containers Empty,34
Danville,Washington,3012,US-Canada Border,06/01/2019 12:00:00 AM,Personal Vehicles,3176
Danville,Washington,3012,US-Canada Border,06/01/2019 12:00:00 AM,Personal Vehicle Passengers,4590
Danville,Washington,3012,US-Canada Border,06/01/2019 12:00:00 AM,Pedestrians,32
Boundary,Washington,3015,US-Canada Border,06/01/2019 12:00:00 AM,Trucks,34
Boundary,Washington,3015,US-Canada Border,06/01/2019 12:00:00 AM,Truck Containers Empty,34
Boundary,Washington,3015,US-Canada Border,06/01/2019 12:00:00 AM,Trains,22
Boundary,Washington,3015,US-Canada Border,06/01/2019 12:00:00 AM,Train Passengers,44
Boundary,Washington,3015,US-Canada Border,06/01/2019 12:00:00 AM,Rail Containers Full,710
Boundary,Washington,3015,US-Canada Border,06/01/2019 12:00:00 AM,Rail Containers Empty,374
Boundary,Washington,3015,US-Canada Border,06/01/2019 12:00:00 AM,Personal Vehicles,2814
Boundary,Washington,3015,US-Canada Border,06/01/2019 12:00:00 AM,Personal Vehicle Passengers,4516
Boundary,Washington,3015,US-Canada Border,06/01/2019 12:00:00 AM,Pedestrians,15
Blaine,Washington,3004,US-Canada Border,06/01/2019 12:00:00 AM,Trucks,32964
Blaine,Washington,3004,US-Canada Border,06/01/2019 12:00:00 AM,Truck Containers Full,26447
Blaine,Washington,3004,US-Canada Border,06/01/2019 12:00:00 AM,Truck Containers Empty,7378
Blaine,Washington,3004,US-Canada Border,06/01/2019 12:00:00 AM,Trains,231
Blaine,Washington,3004,US-Canada Border,06/01/2019 12:00:00 AM,Train Passengers,8335
Blaine,Washington,3004,US-Canada Border,06/01/2019 12:00:00 AM,Rail Containers Full,7987
Blaine,Washington,3004,US-Canada Border,06/01/2019 12:00:00 AM,Rail Containers Empty,10309
Blaine,Washington,3004,US-Canada Border,06/01/2019 12:00:00 AM,Personal Vehicles,340680
Blaine,Washington,3004,US-Canada Border,06/01/2019 12:00:00 AM,Personal Vehicle Passengers,667728
Blaine,Washington,3004,US-Canada Border,06/01/2019 12:00:00 AM,Buses,1452
Blaine,Washington,3004,US-Canada Border,06/01/2019 12:00:00 AM,Bus Passengers,27009
Richford,Vermont,203,US-Canada Border,06/01/2019 12:00:00 AM,Trucks,332
Richford,Vermont,203,US-Canada Border,06/01/2019 12:00:00 AM,Truck Containers Full,115
Richford,Vermont,203,US-Canada Border,06/01/2019 12:00:00 AM,Truck Containers Empty,217
Richford,Vermont,203,US-Canada Border,06/01/2019 12:00:00 AM,Trains,10
Richford,Vermont,203,US-Canada Border,06/01/2019 12:00:00 AM,Train Passengers,20
Richford,Vermont,203,US-Canada Border,06/01/2019 12:00:00 AM,Rail Containers Full,105
Richford,Vermont,203,US-Canada Border,06/01/2019 12:00:00 AM,Rail Containers Empty,23
Richford,Vermont,203,US-Canada Border,06/01/2019 12:00:00 AM,Personal Vehicles,9536
Richford,Vermont,203,US-Canada Border,06/01/2019 12:00:00 AM,Personal Vehicle Passengers,15371
Norton,Vermont,211,US-Canada Border,06/01/2019 12:00:00 AM,Trucks,923
Norton,Vermont,211,US-Canada Border,06/01/2019 12:00:00 AM,Truck Containers Full,677
Norton,Vermont,211,US-Canada Border,06/01/2019 12:00:00 AM,Truck Containers Empty,249
Norton,Vermont,211,US-Canada Border,06/01/2019 12:00:00 AM,Trains,14
Norton,Vermont,211,US-Canada Border,06/01/2019 12:00:00 AM,Train Passengers,29
Norton,Vermont,211,US-Canada Border,06/01/2019 12:00:00 AM,Rail Containers Full,604
Norton,Vermont,211,US-Canada Border,06/01/2019 12:00:00 AM,Rail Containers Empty,115
Norton,Vermont,211,US-Canada Border,06/01/2019 12:00:00 AM,Personal Vehicles,3033
Norton,Vermont,211,US-Canada Border,06/01/2019 12:00:00 AM,Personal Vehicle Passengers,5151
Norton,Vermont,211,US-Canada Border,06/01/2019 12:00:00 AM,Pedestrians,5
Norton,Vermont,211,US-Canada Border,06/01/2019 12:00:00 AM,Buses,1
Norton,Vermont,211,US-Canada Border,06/01/2019 12:00:00 AM,Bus Passengers,56
Highgate Springs-Alburg,Vermont,212,US-Canada Border,06/01/2019 12:00:00 AM,Trucks,7984
Highgate Springs-Alburg,Vermont,212,US-Canada Border,06/01/2019 12:00:00 AM,Truck Containers Full,6710
Highgate Springs-Alburg,Vermont,212,US-Canada Border,06/01/2019 12:00:00 AM,Truck Containers Empty,1471
Highgate Springs-Alburg,Vermont,212,US-Canada Border,06/01/2019 12:00:00 AM,Trains,18
Highgate Springs-Alburg,Vermont,212,US-Canada Border,06/01/2019 12:00:00 AM,Train Passengers,36
Highgate Springs-Alburg,Vermont,212,US-Canada Border,06/01/2019 12:00:00 AM,Rail Containers Full,1233
Highgate Springs-Alburg,Vermont,212,US-Canada Border,06/01/2019 12:00:00 AM,Rail Containers Empty,165
Highgate Springs-Alburg,Vermont,212,US-Canada Border,06/01/2019 12:00:00 AM,Personal Vehicles,50093
Highgate Springs-Alburg,Vermont,212,US-Canada Border,06/01/2019 12:00:00 AM,Personal Vehicle Passengers,108169
Highgate Springs-Alburg,Vermont,212,US-Canada Border,06/01/2019 12:00:00 AM,Buses,345
Highgate Springs-Alburg,Vermont,212,US-Canada Border,06/01/2019 12:00:00 AM,Bus Passengers,9235
Derby Line,Vermont,209,US-Canada Border,06/01/2019 12:00:00 AM,Trucks,7341
Derby Line,Vermont,209,US-Canada Border,06/01/2019 12:00:00 AM,Truck Containers Full,6601
Derby Line,Vermont,209,US-Canada Border,06/01/2019 12:00:00 AM,Truck Containers Empty,757
Derby Line,Vermont,209,US-Canada Border,06/01/2019 12:00:00 AM,Personal Vehicles,49419
Derby Line,Vermont,209,US-Canada Border,06/01/2019 12:00:00 AM,Personal Vehicle Passengers,97562
Derby Line,Vermont,209,US-Canada Border,06/01/2019 12:00:00 AM,Pedestrians,36
Derby Line,Vermont,209,US-Canada Border,06/01/2019 12:00:00 AM,Buses,212
Derby Line,Vermont,209,US-Canada Border,06/01/2019 12:00:00 AM,Bus Passengers,6836
Beecher Falls,Vermont,206,US-Canada Border,06/01/2019 12:00:00 AM,Trucks,744
Beecher Falls,Vermont,206,US-Canada Border,06/01/2019 12:00:00 AM,Truck Containers Full,398
Beecher Falls,Vermont,206,US-Canada Border,06/01/2019 12:00:00 AM,Truck Containers Empty,349
Beecher Falls,Vermont,206,US-Canada Border,06/01/2019 12:00:00 AM,Personal Vehicles,7482
Beecher Falls,Vermont,206,US-Canada Border,06/01/2019 12:00:00 AM,Personal Vehicle Passengers,13970
Tornillo-Fabens,Texas,2404,US-Mexico Border,06/01/2019 12:00:00 AM,Personal Vehicles,36068
Tornillo-Fabens,Texas,2404,US-Mexico Border,06/01/2019 12:00:00 AM,Personal Vehicle Passengers,70779
Tornillo-Fabens,Texas,2404,US-Mexico Border,06/01/2019 12:00:00 AM,Pedestrians,1897
Roma,Texas,2310,US-Mexico Border,06/01/2019 12:00:00 AM,Trucks,907
Roma,Texas,2310,US-Mexico Border,06/01/2019 12:00:00 AM,Truck Containers Full,217
Roma,Texas,2310,US-Mexico Border,06/01/2019 12:00:00 AM,Truck Containers Empty,693
Roma,Texas,2310,US-Mexico Border,06/01/2019 12:00:00 AM,Personal Vehicles,54953
Roma,Texas,2310,US-Mexico Border,06/01/2019 12:00:00 AM,Personal Vehicle Passengers,104640
Rio Grande City,Texas,2307,US-Mexico Border,06/01/2019 12:00:00 AM,Trucks,3571
Rio Grande City,Texas,2307,US-Mexico Border,06/01/2019 12:00:00 AM,Truck Containers Full,3134
Rio Grande City,Texas,2307,US-Mexico Border,06/01/2019 12:00:00 AM,Truck Containers Empty,697
Rio Grande City,Texas,2307,US-Mexico Border,06/01/2019 12:00:00 AM,Personal Vehicles,32477
Rio Grande City,Texas,2307,US-Mexico Border,06/01/2019 12:00:00 AM,Personal Vehicle Passengers,60458
Rio Grande City,Texas,2307,US-Mexico Border,06/01/2019 12:00:00 AM,Pedestrians,4661
Progreso,Texas,2309,US-Mexico Border,06/01/2019 12:00:00 AM,Trucks,4094
Progreso,Texas,2309,US-Mexico Border,06/01/2019 12:00:00 AM,Truck Containers Full,2173
Progreso,Texas,2309,US-Mexico Border,06/01/2019 12:00:00 AM,Truck Containers Empty,2524
Progreso,Texas,2309,US-Mexico Border,06/01/2019 12:00:00 AM,Personal Vehicles,90976
Progreso,Texas,2309,US-Mexico Border,06/01/2019 12:00:00 AM,Personal Vehicle Passengers,194503
Progreso,Texas,2309,US-Mexico Border,06/01/2019 12:00:00 AM,Pedestrians,76557
Presidio,Texas,2403,US-Mexico Border,06/01/2019 12:00:00 AM,Trucks,643
Presidio,Texas,2403,US-Mexico Border,06/01/2019 12:00:00 AM,Truck Containers Full,522
Presidio,Texas,2403,US-Mexico Border,06/01/2019 12:00:00 AM,Truck Containers Empty,121
Presidio,Texas,2403,US-Mexico Border,06/01/2019 12:00:00 AM,Personal Vehicles,55964
Presidio,Texas,2403,US-Mexico Border,06/01/2019 12:00:00 AM,Personal Vehicle Passengers,120747
Presidio,Texas,2403,US-Mexico Border,06/01/2019 12:00:00 AM,Pedestrians,29185
Presidio,Texas,2403,US-Mexico Border,06/01/2019 12:00:00 AM,Buses,117
Presidio,Texas,2403,US-Mexico Border,06/01/2019 12:00:00 AM,Bus Passengers,190
Laredo,Texas,2304,US-Mexico Border,06/01/2019 12:00:00 AM,Trucks,195963
Laredo,Texas,2304,US-Mexico Border,06/01/2019 12:00:00 AM,Truck Containers Full,142870
Laredo,Texas,2304,US-Mexico Border,06/01/2019 12:00:00 AM,Truck Containers Empty,53316
Laredo,Texas,2304,US-Mexico Border,06/01/2019 12:00:00 AM,Trains,390
Laredo,Texas,2304,US-Mexico Border,06/01/2019 12:00:00 AM,Rail Containers Full,24211
Laredo,Texas,2304,US-Mexico Border,06/01/2019 12:00:00 AM,Rail Containers Empty,16303
Laredo,Texas,2304,US-Mexico Border,06/01/2019 12:00:00 AM,Personal Vehicles,418410
Laredo,Texas,2304,US-Mexico Border,06/01/2019 12:00:00 AM,Personal Vehicle Passengers,850919
Laredo,Texas,2304,US-Mexico Border,06/01/2019 12:00:00 AM,Pedestrians,314077
Laredo,Texas,2304,US-Mexico Border,06/01/2019 12:00:00 AM,Buses,3258
Laredo,Texas,2304,US-Mexico Border,06/01/2019 12:00:00 AM,Bus Passengers,83473
Hidalgo,Texas,2305,US-Mexico Border,06/01/2019 12:00:00 AM,Trucks,51637
Hidalgo,Texas,2305,US-Mexico Border,06/01/2019 12:00:00 AM,Truck Containers Full,36846
Hidalgo,Texas,2305,US-Mexico Border,06/01/2019 12:00:00 AM,Truck Containers Empty,14907
Hidalgo,Texas,2305,US-Mexico Border,06/01/2019 12:00:00 AM,Personal Vehicles,316872
Hidalgo,Texas,2305,US-Mexico Border,06/01/2019 12:00:00 AM,Personal Vehicle Passengers,668626
Hidalgo,Texas,2305,US-Mexico Border,06/01/2019 12:00:00 AM,Pedestrians,184152
Hidalgo,Texas,2305,US-Mexico Border,06/01/2019 12:00:00 AM,Buses,1758
Hidalgo,Texas,2305,US-Mexico Border,06/01/2019 12:00:00 AM,Bus Passengers,23343
El Paso,Texas,2402,US-Mexico Border,06/01/2019 12:00:00 AM,Trucks,63190
El Paso,Texas,2402,US-Mexico Border,06/01/2019 12:00:00 AM,Truck Containers Full,49556
El Paso,Texas,2402,US-Mexico Border,06/01/2019 12:00:00 AM,Truck Containers Empty,13745
El Paso,Texas,2402,US-Mexico Border,06/01/2019 12:00:00 AM,Trains,121
El Paso,Texas,2402,US-Mexico Border,06/01/2019 12:00:00 AM,Train Passengers,605
El Paso,Texas,2402,US-Mexico Border,06/01/2019 12:00:00 AM,Rail Containers Full,3073
El Paso,Texas,2402,US-Mexico Border,06/01/2019 12:00:00 AM,Rail Containers Empty,8298
El Paso,Texas,2402,US-Mexico Border,06/01/2019 12:00:00 AM,Personal Vehicles,791349
El Paso,Texas,2402,US-Mexico Border,06/01/2019 12:00:00 AM,Personal Vehicle Passengers,1408249
El Paso,Texas,2402,US-Mexico Border,06/01/2019 12:00:00 AM,Pedestrians,678316
El Paso,Texas,2402,US-Mexico Border,06/01/2019 12:00:00 AM,Buses,1723
El Paso,Texas,2402,US-Mexico Border,06/01/2019 12:00:00 AM,Bus Passengers,27764
Eagle Pass,Texas,2303,US-Mexico Border,06/01/2019 12:00:00 AM,Trucks,14556
Eagle Pass,Texas,2303,US-Mexico Border,06/01/2019 12:00:00 AM,Truck Containers Full,12103
Eagle Pass,Texas,2303,US-Mexico Border,06/01/2019 12:00:00 AM,Truck Containers Empty,2486
Eagle Pass,Texas,2303,US-Mexico Border,06/01/2019 12:00:00 AM,Trains,275
Eagle Pass,Texas,2303,US-Mexico Border,06/01/2019 12:00:00 AM,Rail Containers Full,13882
Eagle Pass,Texas,2303,US-Mexico Border,06/01/2019 12:00:00 AM,Rail Containers Empty,14243
Eagle Pass,Texas,2303,US-Mexico Border,06/01/2019 12:00:00 AM,Personal Vehicles,241879
Eagle Pass,Texas,2303,US-Mexico Border,06/01/2019 12:00:00 AM,Personal Vehicle Passengers,507039
Eagle Pass,Texas,2303,US-Mexico Border,06/01/2019 12:00:00 AM,Pedestrians,65036
Eagle Pass,Texas,2303,US-Mexico Border,06/01/2019 12:00:00 AM,Buses,267
Eagle Pass,Texas,2303,US-Mexico Border,06/01/2019 12:00:00 AM,Bus Passengers,5387
Del Rio,Texas,2302,US-Mexico Border,06/01/2019 12:00:00 AM,Trucks,6010
Del Rio,Texas,2302,US-Mexico Border,06/01/2019 12:00:00 AM,Truck Containers Full,4865
Del Rio,Texas,2302,US-Mexico Border,06/01/2019 12:00:00 AM,Truck Containers Empty,1150
Del Rio,Texas,2302,US-Mexico Border,06/01/2019 12:00:00 AM,Personal Vehicles,123068
Del Rio,Texas,2302,US-Mexico Border,06/01/2019 12:00:00 AM,Personal Vehicle Passengers,238721
Brownsville,Texas,2301,US-Mexico Border,06/01/2019 12:00:00 AM,Trucks,23449
Brownsville,Texas,2301,US-Mexico Border,06/01/2019 12:00:00 AM,Truck Containers Full,13166
Brownsville,Texas,2301,US-Mexico Border,06/01/2019 12:00:00 AM,Truck Containers Empty,10312
Brownsville,Texas,2301,US-Mexico Border,06/01/2019 12:00:00 AM,Trains,77
Brownsville,Texas,2301,US-Mexico Border,06/01/2019 12:00:00 AM,Rail Containers Full,690
Brownsville,Texas,2301,US-Mexico Border,06/01/2019 12:00:00 AM,Rail Containers Empty,6651
Brownsville,Texas,2301,US-Mexico Border,06/01/2019 12:00:00 AM,Personal Vehicles,369607
Brownsville,Texas,2301,US-Mexico Border,06/01/2019 12:00:00 AM,Personal Vehicle Passengers,783959
Brownsville,Texas,2301,US-Mexico Border,06/01/2019 12:00:00 AM,Pedestrians,238032
Brownsville,Texas,2301,US-Mexico Border,06/01/2019 12:00:00 AM,Buses,507
Brownsville,Texas,2301,US-Mexico Border,06/01/2019 12:00:00 AM,Bus Passengers,3756
Boquillas,Texas,2410,US-Mexico Border,06/01/2019 12:00:00 AM,Pedestrians,1041
Toledo-Sandusky,Ohio,4105,US-Canada Border,06/01/2019 12:00:00 AM,Personal Vehicles,22
Trout River,New York,715,US-Canada Border,06/01/2019 12:00:00 AM,Trucks,1101
Trout River,New York,715,US-Canada Border,06/01/2019 12:00:00 AM,Truck Containers Full,460
Trout River,New York,715,US-Canada Border,06/01/2019 12:00:00 AM,Truck Containers Empty,642
Trout River,New York,715,US-Canada Border,06/01/2019 12:00:00 AM,Trains,55
Trout River,New York,715,US-Canada Border,06/01/2019 12:00:00 AM,Train Passengers,110
Trout River,New York,715,US-Canada Border,06/01/2019 12:00:00 AM,Rail Containers Full,1880
Trout River,New York,715,US-Canada Border,06/01/2019 12:00:00 AM,Rail Containers Empty,839
Trout River,New York,715,US-Canada Border,06/01/2019 12:00:00 AM,Personal Vehicles,15720
Trout River,New York,715,US-Canada Border,06/01/2019 12:00:00 AM,Personal Vehicle Passengers,28107
Trout River,New York,715,US-Canada Border,06/01/2019 12:00:00 AM,Buses,5
Trout River,New York,715,US-Canada Border,06/01/2019 12:00:00 AM,Bus Passengers,190
Ogdensburg,New York,701,US-Canada Border,06/01/2019 12:00:00 AM,Trucks,3349
Ogdensburg,New York,701,US-Canada Border,06/01/2019 12:00:00 AM,Truck Containers Full,2718
Ogdensburg,New York,701,US-Canada Border,06/01/2019 12:00:00 AM,Truck Containers Empty,673
Ogdensburg,New York,701,US-Canada Border,06/01/2019 12:00:00 AM,Personal Vehicles,27252
Ogdensburg,New York,701,US-Canada Border,06/01/2019 12:00:00 AM,Personal Vehicle Passengers,49916
Ogdensburg,New York,701,US-Canada Border,06/01/2019 12:00:00 AM,Buses,38
Ogdensburg,New York,701,US-Canada Border,06/01/2019 12:00:00 AM,Bus Passengers,1212
Massena,New York,704,US-Canada Border,06/01/2019 12:00:00 AM,Trucks,2268
Massena,New York,704,US-Canada Border,06/01/2019 12:00:00 AM,Truck Containers Full,1671
Massena,New York,704,US-Canada Border,06/01/2019 12:00:00 AM,Truck Containers Empty,602
Massena,New York,704,US-Canada Border,06/01/2019 12:00:00 AM,Personal Vehicles,79320
Massena,New York,704,US-Canada Border,06/01/2019 12:00:00 AM,Personal Vehicle Passengers,133592
Massena,New York,704,US-Canada Border,06/01/2019 12:00:00 AM,Pedestrians,25
Massena,New York,704,US-Canada Border,06/01/2019 12:00:00 AM,Buses,285
Massena,New York,704,US-Canada Border,06/01/2019 12:00:00 AM,Bus Passengers,4232
Champlain-Rouses Point,New York,712,US-Canada Border,06/01/2019 12:00:00 AM,Trucks,24016
Champlain-Rouses Point,New York,712,US-Canada Border,06/01/2019 12:00:00 AM,Truck Containers Full,21854
Champlain-Rouses Point,New York,712,US-Canada Border,06/01/2019 12:00:00 AM,Truck Containers Empty,2919
Champlain-Rouses Point,New York,712,US-Canada Border,06/01/2019 12:00:00 AM,Trains,93
Champlain-Rouses Point,New York,712,US-Canada Border,06/01/2019 12:00:00 AM,Train Passengers,2985
Champlain-Rouses Point,New York,712,US-Canada Border,06/01/2019 12:00:00 AM,Rail Containers Full,4001
Champlain-Rouses Point,New York,712,US-Canada Border,06/01/2019 12:00:00 AM,Rail Containers Empty,913
Champlain-Rouses Point,New York,712,US-Canada Border,06/01/2019 12:00:00 AM,Personal Vehicles,104083
Champlain-Rouses Point,New York,712,US-Canada Border,06/01/2019 12:00:00 AM,Personal Vehicle Passengers,230301
Champlain-Rouses Point,New York,712,US-Canada Border,06/01/2019 12:00:00 AM,Pedestrians,562
Champlain-Rouses Point,New York,712,US-Canada Border,06/01/2019 12:00:00 AM,Buses,806
Champlain-Rouses Point,New York,712,US-Canada Border,06/01/2019 12:00:00 AM,Bus Passengers,30432
Cape Vincent,New York,706,US-Canada Border,06/01/2019 12:00:00 AM,Personal Vehicles,1026
Cape Vincent,New York,706,US-Canada Border,06/01/2019 12:00:00 AM,Personal Vehicle Passengers,2922
Buffalo-Niagara Falls,New York,901,US-Canada Border,06/01/2019 12:00:00 AM,Trucks,75962
Buffalo-Niagara Falls,New York,901,US-Canada Border,06/01/2019 12:00:00 AM,Truck Containers Full,60825
Buffalo-Niagara Falls,New York,901,US-Canada Border,06/01/2019 12:00:00 AM,Truck Containers Empty,16542
Buffalo-Niagara Falls,New York,901,US-Canada Border,06/01/2019 12:00:00 AM,Trains,168
Buffalo-Niagara Falls,New York,901,US-Canada Border,06/01/2019 12:00:00 AM,Train Passengers,1570
Buffalo-Niagara Falls,New York,901,US-Canada Border,06/01/2019 12:00:00 AM,Rail Containers Full,8770
Buffalo-Niagara Falls,New York,901,US-Canada Border,06/01/2019 12:00:00 AM,Rail Containers Empty,2855
Buffalo-Niagara Falls,New York,901,US-Canada Border,06/01/2019 12:00:00 AM,Personal Vehicles,462665
Buffalo-Niagara Falls,New York,901,US-Canada Border,06/01/2019 12:00:00 AM,Personal Vehicle Passengers,1010150
Buffalo-Niagara Falls,New York,901,US-Canada Border,06/01/2019 12:00:00 AM,Pedestrians,50985
Buffalo-Niagara Falls,New York,901,US-Canada Border,06/01/2019 12:00:00 AM,Buses,1705
Buffalo-Niagara Falls,New York,901,US-Canada Border,06/01/2019 12:00:00 AM,Bus Passengers,46813
Alexandria Bay,New York,708,US-Canada Border,06/01/2019 12:00:00 AM,Trucks,16278
Alexandria Bay,New York,708,US-Canada Border,06/01/2019 12:00:00 AM,Truck Containers Full,14845
Alexandria Bay,New York,708,US-Canada Border,06/01/2019 12:00:00 AM,Truck Containers Empty,1728
Alexandria Bay,New York,708,US-Canada Border,06/01/2019 12:00:00 AM,Personal Vehicles,56333
Alexandria Bay,New York,708,US-Canada Border,06/01/2019 12:00:00 AM,Personal Vehicle Passengers,114514
Alexandria Bay,New York,708,US-Canada Border,06/01/2019 12:00:00 AM,Buses,120
Alexandria Bay,New York,708,US-Canada Border,06/01/2019 12:00:00 AM,Bus Passengers,3561
Santa Teresa,New Mexico,2408,US-Mexico Border,06/01/2019 12:00:00 AM,Trucks,11843
Santa Teresa,New Mexico,2408,US-Mexico Border,06/01/2019 12:00:00 AM,Truck Containers Full,10168
Santa Teresa,New Mexico,2408,US-Mexico Border,06/01/2019 12:00:00 AM,Truck Containers Empty,1733
Santa Teresa,New Mexico,2408,US-Mexico Border,06/01/2019 12:00:00 AM,Personal Vehicles,50672
Santa Teresa,New Mexico,2408,US-Mexico Border,06/01/2019 12:00:00 AM,Personal Vehicle Passengers,110576
Columbus,New Mexico,2406,US-Mexico Border,06/01/2019 12:00:00 AM,Trucks,1204
Columbus,New Mexico,2406,US-Mexico Border,06/01/2019 12:00:00 AM,Truck Containers Full,1152
Columbus,New Mexico,2406,US-Mexico Border,06/01/2019 12:00:00 AM,Truck Containers Empty,52
Columbus,New Mexico,2406,US-Mexico Border,06/01/2019 12:00:00 AM,Personal Vehicles,30653
Columbus,New Mexico,2406,US-Mexico Border,06/01/2019 12:00:00 AM,Personal Vehicle Passengers,66766
Columbus,New Mexico,2406,US-Mexico Border,06/01/2019 12:00:00 AM,Pedestrians,15226
Columbus,New Mexico,2406,US-Mexico Border,06/01/2019 12:00:00 AM,Buses,127
Columbus,New Mexico,2406,US-Mexico Border,06/01/2019 12:00:00 AM,Bus Passengers,1524
Westhope,North Dakota,3419,US-Canada Border,06/01/2019 12:00:00 AM,Trucks,749
Westhope,North Dakota,3419,US-Canada Border,06/01/2019 12:00:00 AM,Truck Containers Full,710
Westhope,North Dakota,3419,US-Canada Border,06/01/2019 12:00:00 AM,Truck Containers Empty,135
Westhope,North Dakota,3419,US-Canada Border,06/01/2019 12:00:00 AM,Personal Vehicles,798
Westhope,North Dakota,3419,US-Canada Border,06/01/2019 12:00:00 AM,Personal Vehicle Passengers,1730
Walhalla,North Dakota,3407,US-Canada Border,06/01/2019 12:00:00 AM,Trucks,909
Walhalla,North Dakota,3407,US-Canada Border,06/01/2019 12:00:00 AM,Truck Containers Full,172
Walhalla,North Dakota,3407,US-Canada Border,06/01/2019 12:00:00 AM,Truck Containers Empty,739
Walhalla,North Dakota,3407,US-Canada Border,06/01/2019 12:00:00 AM,Personal Vehicles,3246
Walhalla,North Dakota,3407,US-Canada Border,06/01/2019 12:00:00 AM,Personal Vehicle Passengers,6259
Walhalla,North Dakota,3407,US-Canada Border,06/01/2019 12:00:00 AM,Buses,1
Walhalla,North Dakota,3407,US-Canada Border,06/01/2019 12:00:00 AM,Bus Passengers,27
St. John,North Dakota,3405,US-Canada Border,06/01/2019 12:00:00 AM,Trucks,77
St. John,North Dakota,3405,US-Canada Border,06/01/2019 12:00:00 AM,Truck Containers Full,6
St. John,North Dakota,3405,US-Canada Border,06/01/2019 12:00:00 AM,Truck Containers Empty,71
St. John,North Dakota,3405,US-Canada Border,06/01/2019 12:00:00 AM,Personal Vehicles,1242
St. John,North Dakota,3405,US-Canada Border,06/01/2019 12:00:00 AM,Personal Vehicle Passengers,2528
St. John,North Dakota,3405,US-Canada Border,06/01/2019 12:00:00 AM,Buses,3
St. John,North Dakota,3405,US-Canada Border,06/01/2019 12:00:00 AM,Bus Passengers,47
Sherwood,North Dakota,3414,US-Canada Border,06/01/2019 12:00:00 AM,Trucks,571
Sherwood,North Dakota,3414,US-Canada Border,06/01/2019 12:00:00 AM,Truck Containers Full,323
Sherwood,North Dakota,3414,US-Canada Border,06/01/2019 12:00:00 AM,Truck Containers Empty,308
Sherwood,North Dakota,3414,US-Canada Border,06/01/2019 12:00:00 AM,Personal Vehicles,1303
Sherwood,North Dakota,3414,US-Canada Border,06/01/2019 12:00:00 AM,Personal Vehicle Passengers,2374
Sarles,North Dakota,3409,US-Canada Border,06/01/2019 12:00:00 AM,Trucks,29
Sarles,North Dakota,3409,US-Canada Border,06/01/2019 12:00:00 AM,Truck Containers Full,9
Sarles,North Dakota,3409,US-Canada Border,06/01/2019 12:00:00 AM,Truck Containers Empty,20
Sarles,North Dakota,3409,US-Canada Border,06/01/2019 12:00:00 AM,Personal Vehicles,325
Sarles,North Dakota,3409,US-Canada Border,06/01/2019 12:00:00 AM,Personal Vehicle Passengers,671
Sarles,North Dakota,3409,US-Canada Border,06/01/2019 12:00:00 AM,Buses,2
Sarles,North Dakota,3409,US-Canada Border,06/01/2019 12:00:00 AM,Bus Passengers,28
Portal,North Dakota,3403,US-Canada Border,06/01/2019 12:00:00 AM,Trucks,7079
Portal,North Dakota,3403,US-Canada Border,06/01/2019 12:00:00 AM,Truck Containers Full,6174
Portal,North Dakota,3403,US-Canada Border,06/01/2019 12:00:00 AM,Truck Containers Empty,1508
Portal,North Dakota,3403,US-Canada Border,06/01/2019 12:00:00 AM,Trains,148
Portal,North Dakota,3403,US-Canada Border,06/01/2019 12:00:00 AM,Train Passengers,444
Portal,North Dakota,3403,US-Canada Border,06/01/2019 12:00:00 AM,Rail Containers Full,17852
Portal,North Dakota,3403,US-Canada Border,06/01/2019 12:00:00 AM,Rail Containers Empty,7934
Portal,North Dakota,3403,US-Canada Border,06/01/2019 12:00:00 AM,Personal Vehicles,6947
Portal,North Dakota,3403,US-Canada Border,06/01/2019 12:00:00 AM,Personal Vehicle Passengers,13941
Portal,North Dakota,3403,US-Canada Border,06/01/2019 12:00:00 AM,Pedestrians,133
Portal,North Dakota,3403,US-Canada Border,06/01/2019 12:00:00 AM,Buses,6
Portal,North Dakota,3403,US-Canada Border,06/01/2019 12:00:00 AM,Bus Passengers,244
Pembina,North Dakota,3401,US-Canada Border,06/01/2019 12:00:00 AM,Trucks,18549
Pembina,North Dakota,3401,US-Canada Border,06/01/2019 12:00:00 AM,Truck Containers Full,16894
Pembina,North Dakota,3401,US-Canada Border,06/01/2019 12:00:00 AM,Truck Containers Empty,2128
Pembina,North Dakota,3401,US-Canada Border,06/01/2019 12:00:00 AM,Trains,124
Pembina,North Dakota,3401,US-Canada Border,06/01/2019 12:00:00 AM,Train Passengers,248
Pembina,North Dakota,3401,US-Canada Border,06/01/2019 12:00:00 AM,Rail Containers Full,11826
Pembina,North Dakota,3401,US-Canada Border,06/01/2019 12:00:00 AM,Rail Containers Empty,2281
Pembina,North Dakota,3401,US-Canada Border,06/01/2019 12:00:00 AM,Personal Vehicles,24210
Pembina,North Dakota,3401,US-Canada Border,06/01/2019 12:00:00 AM,Personal Vehicle Passengers,56025
Pinecreek,Minnesota,3425,US-Canada Border,06/01/2019 12:00:00 AM,Trucks,19
Pinecreek,Minnesota,3425,US-Canada Border,06/01/2019 12:00:00 AM,Truck Containers Full,7
Pinecreek,Minnesota,3425,US-Canada Border,06/01/2019 12:00:00 AM,Truck Containers Empty,12
Pinecreek,Minnesota,3425,US-Canada Border,06/01/2019 12:00:00 AM,Personal Vehicles,309
Pinecreek,Minnesota,3425,US-Canada Border,06/01/2019 12:00:00 AM,Personal Vehicle Passengers,592
Lancaster,Minnesota,3430,US-Canada Border,06/01/2019 12:00:00 AM,Trucks,392
Lancaster,Minnesota,3430,US-Canada Border,06/01/2019 12:00:00 AM,Truck Containers Full,101
Lancaster,Minnesota,3430,US-Canada Border,06/01/2019 12:00:00 AM,Truck Containers Empty,291
Lancaster,Minnesota,3430,US-Canada Border,06/01/2019 12:00:00 AM,Personal Vehicles,2825
Lancaster,Minnesota,3430,US-Canada Border,06/01/2019 12:00:00 AM,Personal Vehicle Passengers,5866
International Falls-Ranier,Minnesota,3604,US-Canada Border,06/01/2019 12:00:00 AM,Trucks,1362
International Falls-Ranier,Minnesota,3604,US-Canada Border,06/01/2019 12:00:00 AM,Truck Containers Full,946
International Falls-Ranier,Minnesota,3604,US-Canada Border,06/01/2019 12:00:00 AM,Truck Containers Empty,417
International Falls-Ranier,Minnesota,3604,US-Canada Border,06/01/2019 12:00:00 AM,Trains,358
International Falls-Ranier,Minnesota,3604,US-Canada Border,06/01/2019 12:00:00 AM,Train Passengers,716
International Falls-Ranier,Minnesota,3604,US-Canada Border,06/01/2019 12:00:00 AM,Rail Containers Full,54903
International Falls-Ranier,Minnesota,3604,US-Canada Border,06/01/2019 12:00:00 AM,Rail Containers Empty,16388
International Falls-Ranier,Minnesota,3604,US-Canada Border,06/01/2019 12:00:00 AM,Personal Vehicles,41703
International Falls-Ranier,Minnesota,3604,US-Canada Border,06/01/2019 12:00:00 AM,Personal Vehicle Passengers,90004
International Falls-Ranier,Minnesota,3604,US-Canada Border,06/01/2019 12:00:00 AM,Pedestrians,1824
International Falls-Ranier,Minnesota,3604,US-Canada Border,06/01/2019 12:00:00 AM,Buses,34
International Falls-Ranier,Minnesota,3604,US-Canada Border,06/01/2019 12:00:00 AM,Bus Passengers,792
Grand Portage,Minnesota,3613,US-Canada Border,06/01/2019 12:00:00 AM,Trucks,1111
Grand Portage,Minnesota,3613,US-Canada Border,06/01/2019 12:00:00 AM,Truck Containers Full,730
Grand Portage,Minnesota,3613,US-Canada Border,06/01/2019 12:00:00 AM,Truck Containers Empty,381
Grand Portage,Minnesota,3613,US-Canada Border,06/01/2019 12:00:00 AM,Personal Vehicles,22204
Grand Portage,Minnesota,3613,US-Canada Border,06/01/2019 12:00:00 AM,Personal Vehicle Passengers,47364
Grand Portage,Minnesota,3613,US-Canada Border,06/01/2019 12:00:00 AM,Buses,59
Grand Portage,Minnesota,3613,US-Canada Border,06/01/2019 12:00:00 AM,Bus Passengers,772
Alcan,Alaska,3104,US-Canada Border,06/01/2019 12:00:00 AM,Truck Containers Full,142
Alcan,Alaska,3104,US-Canada Border,06/01/2019 12:00:00 AM,Trucks,675
Dalton Cache,Alaska,3106,US-Canada Border,06/01/2019 12:00:00 AM,Bus Passengers,156
Dalton Cache,Alaska,3106,US-Canada Border,06/01/2019 12:00:00 AM,Buses,13
Dalton Cache,Alaska,3106,US-Canada Border,06/01/2019 12:00:00 AM,Pedestrians,522
Dalton Cache,Alaska,3106,US-Canada Border,06/01/2019 12:00:00 AM,Personal Vehicle Passengers,6193
Dalton Cache,Alaska,3106,US-Canada Border,06/01/2019 12:00:00 AM,Personal Vehicles,2755
Dalton Cache,Alaska,3106,US-Canada Border,06/01/2019 12:00:00 AM,Truck Containers Empty,114
Dalton Cache,Alaska,3106,US-Canada Border,06/01/2019 12:00:00 AM,Truck Containers Full,11
Dalton Cache,Alaska,3106,US-Canada Border,06/01/2019 12:00:00 AM,Trucks,125
Ketchikan,Alaska,3102,US-Canada Border,06/01/2019 12:00:00 AM,Bus Passengers,60
Ketchikan,Alaska,3102,US-Canada Border,06/01/2019 12:00:00 AM,Buses,5
Ketchikan,Alaska,3102,US-Canada Border,06/01/2019 12:00:00 AM,Pedestrians,170
Ketchikan,Alaska,3102,US-Canada Border,06/01/2019 12:00:00 AM,Personal Vehicle Passengers,842
Ketchikan,Alaska,3102,US-Canada Border,06/01/2019 12:00:00 AM,Personal Vehicles,458
Skagway,Alaska,3103,US-Canada Border,06/01/2019 12:00:00 AM,Bus Passengers,48767
Skagway,Alaska,3103,US-Canada Border,06/01/2019 12:00:00 AM,Buses,2652
Skagway,Alaska,3103,US-Canada Border,06/01/2019 12:00:00 AM,Pedestrians,782
Skagway,Alaska,3103,US-Canada Border,06/01/2019 12:00:00 AM,Personal Vehicle Passengers,21844
Skagway,Alaska,3103,US-Canada Border,06/01/2019 12:00:00 AM,Personal Vehicles,10886
Skagway,Alaska,3103,US-Canada Border,06/01/2019 12:00:00 AM,Train Passengers,27454
Skagway,Alaska,3103,US-Canada Border,06/01/2019 12:00:00 AM,Trains,152
Skagway,Alaska,3103,US-Canada Border,06/01/2019 12:00:00 AM,Truck Containers Empty,200
Skagway,Alaska,3103,US-Canada Border,06/01/2019 12:00:00 AM,Truck Containers Full,20
Skagway,Alaska,3103,US-Canada Border,06/01/2019 12:00:00 AM,Trucks,213
Douglas,Arizona,2601,US-Mexico Border,06/01/2019 12:00:00 AM,Bus Passengers,1384
Douglas,Arizona,2601,US-Mexico Border,06/01/2019 12:00:00 AM,Buses,213
Douglas,Arizona,2601,US-Mexico Border,06/01/2019 12:00:00 AM,Pedestrians,66139
Douglas,Arizona,2601,US-Mexico Border,06/01/2019 12:00:00 AM,Personal Vehicle Passengers,218818
Douglas,Arizona,2601,US-Mexico Border,06/01/2019 12:00:00 AM,Personal Vehicles,124335
Douglas,Arizona,2601,US-Mexico Border,06/01/2019 12:00:00 AM,Truck Containers Empty,459
Douglas,Arizona,2601,US-Mexico Border,06/01/2019 12:00:00 AM,Truck Containers Full,1597
Douglas,Arizona,2601,US-Mexico Border,06/01/2019 12:00:00 AM,Trucks,2056
Lukeville,Arizona,2602,US-Mexico Border,06/01/2019 12:00:00 AM,Bus Passengers,280
Lukeville,Arizona,2602,US-Mexico Border,06/01/2019 12:00:00 AM,Buses,52
Lukeville,Arizona,2602,US-Mexico Border,06/01/2019 12:00:00 AM,Pedestrians,3599
Lukeville,Arizona,2602,US-Mexico Border,06/01/2019 12:00:00 AM,Personal Vehicle Passengers,133395
Lukeville,Arizona,2602,US-Mexico Border,06/01/2019 12:00:00 AM,Personal Vehicles,47271
Lukeville,Arizona,2602,US-Mexico Border,06/01/2019 12:00:00 AM,Truck Containers Full,27
Lukeville,Arizona,2602,US-Mexico Border,06/01/2019 12:00:00 AM,Trucks,27
Naco,Arizona,2603,US-Mexico Border,06/01/2019 12:00:00 AM,Pedestrians,13280
Naco,Arizona,2603,US-Mexico Border,06/01/2019 12:00:00 AM,Personal Vehicle Passengers,47123
Naco,Arizona,2603,US-Mexico Border,06/01/2019 12:00:00 AM,Personal Vehicles,27247
Naco,Arizona,2603,US-Mexico Border,06/01/2019 12:00:00 AM,Truck Containers Empty,140
Naco,Arizona,2603,US-Mexico Border,06/01/2019 12:00:00 AM,Truck Containers Full,171
Naco,Arizona,2603,US-Mexico Border,06/01/2019 12:00:00 AM,Trucks,311
Nogales,Arizona,2604,US-Mexico Border,06/01/2019 12:00:00 AM,Bus Passengers,15185
Nogales,Arizona,2604,US-Mexico Border,06/01/2019 12:00:00 AM,Buses,724
Nogales,Arizona,2604,US-Mexico Border,06/01/2019 12:00:00 AM,Pedestrians,226216
Nogales,Arizona,2604,US-Mexico Border,06/01/2019 12:00:00 AM,Personal Vehicle Passengers,510549
Pembina,North Dakota,3401,US-Canada Border,06/01/2019 12:00:00 AM,Buses,61
Nogales,Arizona,2604,US-Mexico Border,06/01/2019 12:00:00 AM,Personal Vehicles,258598
Nogales,Arizona,2604,US-Mexico Border,06/01/2019 12:00:00 AM,Rail Containers Empty,3286
Nogales,Arizona,2604,US-Mexico Border,06/01/2019 12:00:00 AM,Rail Containers Full,3196
Nogales,Arizona,2604,US-Mexico Border,06/01/2019 12:00:00 AM,Train Passengers,189
Nogales,Arizona,2604,US-Mexico Border,06/01/2019 12:00:00 AM,Trains,63
Nogales,Arizona,2604,US-Mexico Border,06/01/2019 12:00:00 AM,Truck Containers Empty,5527
Nogales,Arizona,2604,US-Mexico Border,06/01/2019 12:00:00 AM,Truck Containers Full,29480
Nogales,Arizona,2604,US-Mexico Border,06/01/2019 12:00:00 AM,Trucks,34171
San Luis,Arizona,2608,US-Mexico Border,06/01/2019 12:00:00 AM,Bus Passengers,7
San Luis,Arizona,2608,US-Mexico Border,06/01/2019 12:00:00 AM,Buses,7
San Luis,Arizona,2608,US-Mexico Border,06/01/2019 12:00:00 AM,Pedestrians,175687
San Luis,Arizona,2608,US-Mexico Border,06/01/2019 12:00:00 AM,Personal Vehicle Passengers,401506
San Luis,Arizona,2608,US-Mexico Border,06/01/2019 12:00:00 AM,Personal Vehicles,218228
San Luis,Arizona,2608,US-Mexico Border,06/01/2019 12:00:00 AM,Truck Containers Empty,724
San Luis,Arizona,2608,US-Mexico Border,06/01/2019 12:00:00 AM,Truck Containers Full,1755
San Luis,Arizona,2608,US-Mexico Border,06/01/2019 12:00:00 AM,Trucks,2463
Sasabe,Arizona,2606,US-Mexico Border,06/01/2019 12:00:00 AM,Pedestrians,19
Sasabe,Arizona,2606,US-Mexico Border,06/01/2019 12:00:00 AM,Personal Vehicle Passengers,5193
Sasabe,Arizona,2606,US-Mexico Border,06/01/2019 12:00:00 AM,Personal Vehicles,2523
Andrade,California,2502,US-Mexico Border,06/01/2019 12:00:00 AM,Pedestrians,45775
Andrade,California,2502,US-Mexico Border,06/01/2019 12:00:00 AM,Personal Vehicle Passengers,97368
Andrade,California,2502,US-Mexico Border,06/01/2019 12:00:00 AM,Personal Vehicles,49732
Calexico,California,2503,US-Mexico Border,06/01/2019 12:00:00 AM,Pedestrians,307033
Calexico,California,2503,US-Mexico Border,06/01/2019 12:00:00 AM,Personal Vehicle Passengers,748066
Calexico,California,2503,US-Mexico Border,06/01/2019 12:00:00 AM,Personal Vehicles,412296
Calexico East,California,2507,US-Mexico Border,06/01/2019 12:00:00 AM,Bus Passengers,6000
Calexico East,California,2507,US-Mexico Border,06/01/2019 12:00:00 AM,Buses,150
Calexico East,California,2507,US-Mexico Border,06/01/2019 12:00:00 AM,Pedestrians,25162
Calexico East,California,2507,US-Mexico Border,06/01/2019 12:00:00 AM,Personal Vehicle Passengers,490025
Calexico East,California,2507,US-Mexico Border,06/01/2019 12:00:00 AM,Personal Vehicles,268924
Calexico East,California,2507,US-Mexico Border,06/01/2019 12:00:00 AM,Rail Containers Empty,391
Calexico East,California,2507,US-Mexico Border,06/01/2019 12:00:00 AM,Rail Containers Full,39
Calexico East,California,2507,US-Mexico Border,06/01/2019 12:00:00 AM,Train Passengers,19
Calexico East,California,2507,US-Mexico Border,06/01/2019 12:00:00 AM,Trains,19
Calexico East,California,2507,US-Mexico Border,06/01/2019 12:00:00 AM,Truck Containers Empty,9867
Calexico East,California,2507,US-Mexico Border,06/01/2019 12:00:00 AM,Truck Containers Full,22070
Calexico East,California,2507,US-Mexico Border,06/01/2019 12:00:00 AM,Trucks,31524
Cross Border Xpress,California,2582,US-Mexico Border,06/01/2019 12:00:00 AM,Pedestrians,131137
Otay Mesa,California,2506,US-Mexico Border,06/01/2019 12:00:00 AM,Bus Passengers,591
Otay Mesa,California,2506,US-Mexico Border,06/01/2019 12:00:00 AM,Buses,502
Otay Mesa,California,2506,US-Mexico Border,06/01/2019 12:00:00 AM,Pedestrians,290190
Otay Mesa,California,2506,US-Mexico Border,06/01/2019 12:00:00 AM,Personal Vehicle Passengers,971669
Otay Mesa,California,2506,US-Mexico Border,06/01/2019 12:00:00 AM,Personal Vehicles,548531
Otay Mesa,California,2506,US-Mexico Border,06/01/2019 12:00:00 AM,Rail Containers Empty,174
Otay Mesa,California,2506,US-Mexico Border,06/01/2019 12:00:00 AM,Train Passengers,38
Otay Mesa,California,2506,US-Mexico Border,06/01/2019 12:00:00 AM,Trains,19
Otay Mesa,California,2506,US-Mexico Border,06/01/2019 12:00:00 AM,Truck Containers Empty,18986
Otay Mesa,California,2506,US-Mexico Border,06/01/2019 12:00:00 AM,Truck Containers Full,64305
Otay Mesa,California,2506,US-Mexico Border,06/01/2019 12:00:00 AM,Trucks,80456
San Ysidro,California,2504,US-Mexico Border,06/01/2019 12:00:00 AM,Bus Passengers,6807
San Ysidro,California,2504,US-Mexico Border,06/01/2019 12:00:00 AM,Buses,3513
San Ysidro,California,2504,US-Mexico Border,06/01/2019 12:00:00 AM,Pedestrians,917615
San Ysidro,California,2504,US-Mexico Border,06/01/2019 12:00:00 AM,Personal Vehicle Passengers,2176784
San Ysidro,California,2504,US-Mexico Border,06/01/2019 12:00:00 AM,Personal Vehicles,1246491
Tecate,California,2505,US-Mexico Border,06/01/2019 12:00:00 AM,Pedestrians,67655
Tecate,California,2505,US-Mexico Border,06/01/2019 12:00:00 AM,Personal Vehicle Passengers,149588
Tecate,California,2505,US-Mexico Border,06/01/2019 12:00:00 AM,Personal Vehicles,78983
Tecate,California,2505,US-Mexico Border,06/01/2019 12:00:00 AM,Truck Containers Empty,2126
Tecate,California,2505,US-Mexico Border,06/01/2019 12:00:00 AM,Truck Containers Full,3463
Tecate,California,2505,US-Mexico Border,06/01/2019 12:00:00 AM,Trucks,5480
Eastport,Idaho,3302,US-Canada Border,06/01/2019 12:00:00 AM,Bus Passengers,43
Eastport,Idaho,3302,US-Canada Border,06/01/2019 12:00:00 AM,Buses,1
Eastport,Idaho,3302,US-Canada Border,06/01/2019 12:00:00 AM,Pedestrians,190
Eastport,Idaho,3302,US-Canada Border,06/01/2019 12:00:00 AM,Personal Vehicle Passengers,23512
Eastport,Idaho,3302,US-Canada Border,06/01/2019 12:00:00 AM,Personal Vehicles,10482
Eastport,Idaho,3302,US-Canada Border,06/01/2019 12:00:00 AM,Rail Containers Empty,464
Eastport,Idaho,3302,US-Canada Border,06/01/2019 12:00:00 AM,Rail Containers Full,9620
Eastport,Idaho,3302,US-Canada Border,06/01/2019 12:00:00 AM,Train Passengers,190
Eastport,Idaho,3302,US-Canada Border,06/01/2019 12:00:00 AM,Trains,95
Eastport,Idaho,3302,US-Canada Border,06/01/2019 12:00:00 AM,Truck Containers Empty,879
Eastport,Idaho,3302,US-Canada Border,06/01/2019 12:00:00 AM,Truck Containers Full,4003
Eastport,Idaho,3302,US-Canada Border,06/01/2019 12:00:00 AM,Trucks,4716
Porthill,Idaho,3308,US-Canada Border,06/01/2019 12:00:00 AM,Bus Passengers,31
Porthill,Idaho,3308,US-Canada Border,06/01/2019 12:00:00 AM,Buses,3
Porthill,Idaho,3308,US-Canada Border,06/01/2019 12:00:00 AM,Pedestrians,11
Porthill,Idaho,3308,US-Canada Border,06/01/2019 12:00:00 AM,Personal Vehicle Passengers,20042
Porthill,Idaho,3308,US-Canada Border,06/01/2019 12:00:00 AM,Personal Vehicles,11341
Porthill,Idaho,3308,US-Canada Border,06/01/2019 12:00:00 AM,Truck Containers Empty,306
Porthill,Idaho,3308,US-Canada Border,06/01/2019 12:00:00 AM,Truck Containers Full,30
Porthill,Idaho,3308,US-Canada Border,06/01/2019 12:00:00 AM,Trucks,336
Bridgewater,Maine,127,US-Canada Border,06/01/2019 12:00:00 AM,Personal Vehicle Passengers,5813
Bridgewater,Maine,127,US-Canada Border,06/01/2019 12:00:00 AM,Personal Vehicles,3329
Bridgewater,Maine,127,US-Canada Border,06/01/2019 12:00:00 AM,Truck Containers Empty,186
Bridgewater,Maine,127,US-Canada Border,06/01/2019 12:00:00 AM,Truck Containers Full,360
Bridgewater,Maine,127,US-Canada Border,06/01/2019 12:00:00 AM,Trucks,546
Calais,Maine,115,US-Canada Border,06/01/2019 12:00:00 AM,Bus Passengers,237
Calais,Maine,115,US-Canada Border,06/01/2019 12:00:00 AM,Buses,8
Calais,Maine,115,US-Canada Border,06/01/2019 12:00:00 AM,Pedestrians,540
Calais,Maine,115,US-Canada Border,06/01/2019 12:00:00 AM,Personal Vehicle Passengers,102085
Calais,Maine,115,US-Canada Border,06/01/2019 12:00:00 AM,Personal Vehicles,60241
Calais,Maine,115,US-Canada Border,06/01/2019 12:00:00 AM,Rail Containers Empty,32
Calais,Maine,115,US-Canada Border,06/01/2019 12:00:00 AM,Rail Containers Full,25
Calais,Maine,115,US-Canada Border,06/01/2019 12:00:00 AM,Train Passengers,38
Calais,Maine,115,US-Canada Border,06/01/2019 12:00:00 AM,Trains,19
Calais,Maine,115,US-Canada Border,06/01/2019 12:00:00 AM,Truck Containers Empty,1879
Calais,Maine,115,US-Canada Border,06/01/2019 12:00:00 AM,Truck Containers Full,3923
Calais,Maine,115,US-Canada Border,06/01/2019 12:00:00 AM,Trucks,5768
Eastport,Maine,103,US-Canada Border,06/01/2019 12:00:00 AM,Bus Passengers,179
Eastport,Maine,103,US-Canada Border,06/01/2019 12:00:00 AM,Buses,6
Eastport,Maine,103,US-Canada Border,06/01/2019 12:00:00 AM,Pedestrians,115
Eastport,Maine,103,US-Canada Border,06/01/2019 12:00:00 AM,Personal Vehicle Passengers,23646
Eastport,Maine,103,US-Canada Border,06/01/2019 12:00:00 AM,Personal Vehicles,13976
Eastport,Maine,103,US-Canada Border,06/01/2019 12:00:00 AM,Truck Containers Empty,119
Eastport,Maine,103,US-Canada Border,06/01/2019 12:00:00 AM,Truck Containers Full,121
Eastport,Maine,103,US-Canada Border,06/01/2019 12:00:00 AM,Trucks,240
Fort Fairfield,Maine,107,US-Canada Border,06/01/2019 12:00:00 AM,Personal Vehicle Passengers,16032
Fort Fairfield,Maine,107,US-Canada Border,06/01/2019 12:00:00 AM,Personal Vehicles,9670
Fort Fairfield,Maine,107,US-Canada Border,06/01/2019 12:00:00 AM,Truck Containers Empty,607
Fort Fairfield,Maine,107,US-Canada Border,06/01/2019 12:00:00 AM,Truck Containers Full,128
Fort Fairfield,Maine,107,US-Canada Border,06/01/2019 12:00:00 AM,Trucks,733
Fort Kent,Maine,110,US-Canada Border,06/01/2019 12:00:00 AM,Personal Vehicle Passengers,14056
Fort Kent,Maine,110,US-Canada Border,06/01/2019 12:00:00 AM,Personal Vehicles,9615
Fort Kent,Maine,110,US-Canada Border,06/01/2019 12:00:00 AM,Truck Containers Empty,968
Fort Kent,Maine,110,US-Canada Border,06/01/2019 12:00:00 AM,Truck Containers Full,126
Fort Kent,Maine,110,US-Canada Border,06/01/2019 12:00:00 AM,Trucks,1094
Houlton,Maine,106,US-Canada Border,06/01/2019 12:00:00 AM,Bus Passengers,1872
Houlton,Maine,106,US-Canada Border,06/01/2019 12:00:00 AM,Buses,56
Houlton,Maine,106,US-Canada Border,06/01/2019 12:00:00 AM,Pedestrians,26
Houlton,Maine,106,US-Canada Border,06/01/2019 12:00:00 AM,Personal Vehicle Passengers,38702
Houlton,Maine,106,US-Canada Border,06/01/2019 12:00:00 AM,Personal Vehicles,20125
Houlton,Maine,106,US-Canada Border,06/01/2019 12:00:00 AM,Truck Containers Empty,1846
Houlton,Maine,106,US-Canada Border,06/01/2019 12:00:00 AM,Truck Containers Full,5723
Houlton,Maine,106,US-Canada Border,06/01/2019 12:00:00 AM,Trucks,7558
Jackman,Maine,104,US-Canada Border,06/01/2019 12:00:00 AM,Bus Passengers,596
Jackman,Maine,104,US-Canada Border,06/01/2019 12:00:00 AM,Buses,13
Jackman,Maine,104,US-Canada Border,06/01/2019 12:00:00 AM,Pedestrians,39
Jackman,Maine,104,US-Canada Border,06/01/2019 12:00:00 AM,Personal Vehicle Passengers,32638
Jackman,Maine,104,US-Canada Border,06/01/2019 12:00:00 AM,Personal Vehicles,16056
Jackman,Maine,104,US-Canada Border,06/01/2019 12:00:00 AM,Rail Containers Empty,892
Jackman,Maine,104,US-Canada Border,06/01/2019 12:00:00 AM,Rail Containers Full,726
Jackman,Maine,104,US-Canada Border,06/01/2019 12:00:00 AM,Train Passengers,46
Jackman,Maine,104,US-Canada Border,06/01/2019 12:00:00 AM,Trains,20
Jackman,Maine,104,US-Canada Border,06/01/2019 12:00:00 AM,Truck Containers Empty,2976
Jackman,Maine,104,US-Canada Border,06/01/2019 12:00:00 AM,Truck Containers Full,1567
Jackman,Maine,104,US-Canada Border,06/01/2019 12:00:00 AM,Trucks,4538
Limestone,Maine,118,US-Canada Border,06/01/2019 12:00:00 AM,Personal Vehicle Passengers,2097
Limestone,Maine,118,US-Canada Border,06/01/2019 12:00:00 AM,Personal Vehicles,1319
Limestone,Maine,118,US-Canada Border,06/01/2019 12:00:00 AM,Truck Containers Empty,90
Limestone,Maine,118,US-Canada Border,06/01/2019 12:00:00 AM,Truck Containers Full,166
Limestone,Maine,118,US-Canada Border,06/01/2019 12:00:00 AM,Trucks,256
Madawaska,Maine,109,US-Canada Border,06/01/2019 12:00:00 AM,Pedestrians,110
Madawaska,Maine,109,US-Canada Border,06/01/2019 12:00:00 AM,Personal Vehicle Passengers,47027
Madawaska,Maine,109,US-Canada Border,06/01/2019 12:00:00 AM,Personal Vehicles,32437
Madawaska,Maine,109,US-Canada Border,06/01/2019 12:00:00 AM,Truck Containers Empty,147
Madawaska,Maine,109,US-Canada Border,06/01/2019 12:00:00 AM,Truck Containers Full,27
Madawaska,Maine,109,US-Canada Border,06/01/2019 12:00:00 AM,Trucks,174
Van Buren,Maine,108,US-Canada Border,06/01/2019 12:00:00 AM,Bus Passengers,37
Van Buren,Maine,108,US-Canada Border,06/01/2019 12:00:00 AM,Buses,1
Van Buren,Maine,108,US-Canada Border,06/01/2019 12:00:00 AM,Pedestrians,12
Van Buren,Maine,108,US-Canada Border,06/01/2019 12:00:00 AM,Personal Vehicle Passengers,21281
Van Buren,Maine,108,US-Canada Border,06/01/2019 12:00:00 AM,Personal Vehicles,13917
Van Buren,Maine,108,US-Canada Border,06/01/2019 12:00:00 AM,Rail Containers Empty,329
Van Buren,Maine,108,US-Canada Border,06/01/2019 12:00:00 AM,Rail Containers Full,577
Van Buren,Maine,108,US-Canada Border,06/01/2019 12:00:00 AM,Train Passengers,68
Van Buren,Maine,108,US-Canada Border,06/01/2019 12:00:00 AM,Truck Containers Empty,977
Van Buren,Maine,108,US-Canada Border,06/01/2019 12:00:00 AM,Truck Containers Full,1057
Van Buren,Maine,108,US-Canada Border,06/01/2019 12:00:00 AM,Trucks,1923
Vanceboro,Maine,105,US-Canada Border,06/01/2019 12:00:00 AM,Pedestrians,3
Vanceboro,Maine,105,US-Canada Border,06/01/2019 12:00:00 AM,Personal Vehicle Passengers,3544
Vanceboro,Maine,105,US-Canada Border,06/01/2019 12:00:00 AM,Personal Vehicles,2336
Vanceboro,Maine,105,US-Canada Border,06/01/2019 12:00:00 AM,Rail Containers Empty,1139
Vanceboro,Maine,105,US-Canada Border,06/01/2019 12:00:00 AM,Rail Containers Full,1033
Vanceboro,Maine,105,US-Canada Border,06/01/2019 12:00:00 AM,Train Passengers,51
Vanceboro,Maine,105,US-Canada Border,06/01/2019 12:00:00 AM,Trains,25
Vanceboro,Maine,105,US-Canada Border,06/01/2019 12:00:00 AM,Truck Containers Empty,48
Vanceboro,Maine,105,US-Canada Border,06/01/2019 12:00:00 AM,Truck Containers Full,7
Vanceboro,Maine,105,US-Canada Border,06/01/2019 12:00:00 AM,Trucks,55
Algonac,Michigan,3814,US-Canada Border,06/01/2019 12:00:00 AM,Personal Vehicles,4609
Detroit,Michigan,3801,US-Canada Border,06/01/2019 12:00:00 AM,Personal Vehicle Passengers,599521
Detroit,Michigan,3801,US-Canada Border,06/01/2019 12:00:00 AM,Personal Vehicles,351889
Detroit,Michigan,3801,US-Canada Border,06/01/2019 12:00:00 AM,Rail Containers Empty,4064
Detroit,Michigan,3801,US-Canada Border,06/01/2019 12:00:00 AM,Rail Containers Full,8302
Detroit,Michigan,3801,US-Canada Border,06/01/2019 12:00:00 AM,Truck Containers Empty,44189
Detroit,Michigan,3801,US-Canada Border,06/01/2019 12:00:00 AM,Truck Containers Full,91197
Detroit,Michigan,3801,US-Canada Border,06/01/2019 12:00:00 AM,Trucks,134385
Port Huron,Michigan,3802,US-Canada Border,06/01/2019 12:00:00 AM,Bus Passengers,4982
Port Huron,Michigan,3802,US-Canada Border,06/01/2019 12:00:00 AM,Buses,156
Port Huron,Michigan,3802,US-Canada Border,06/01/2019 12:00:00 AM,Pedestrians,524
Port Huron,Michigan,3802,US-Canada Border,06/01/2019 12:00:00 AM,Personal Vehicle Passengers,287757
Port Huron,Michigan,3802,US-Canada Border,06/01/2019 12:00:00 AM,Personal Vehicles,139633
Port Huron,Michigan,3802,US-Canada Border,06/01/2019 12:00:00 AM,Rail Containers Empty,10841
Port Huron,Michigan,3802,US-Canada Border,06/01/2019 12:00:00 AM,Rail Containers Full,19074
Port Huron,Michigan,3802,US-Canada Border,06/01/2019 12:00:00 AM,Train Passengers,874
Port Huron,Michigan,3802,US-Canada Border,06/01/2019 12:00:00 AM,Trains,356
Port Huron,Michigan,3802,US-Canada Border,06/01/2019 12:00:00 AM,Truck Containers Empty,16859
Port Huron,Michigan,3802,US-Canada Border,06/01/2019 12:00:00 AM,Truck Containers Full,54117
Port Huron,Michigan,3802,US-Canada Border,06/01/2019 12:00:00 AM,Trucks,69843
Sault Sainte Marie,Michigan,3803,US-Canada Border,06/01/2019 12:00:00 AM,Bus Passengers,1124
Sault Sainte Marie,Michigan,3803,US-Canada Border,06/01/2019 12:00:00 AM,Buses,107
Sault Sainte Marie,Michigan,3803,US-Canada Border,06/01/2019 12:00:00 AM,Personal Vehicle Passengers,113611
Sault Sainte Marie,Michigan,3803,US-Canada Border,06/01/2019 12:00:00 AM,Personal Vehicles,61784
Sault Sainte Marie,Michigan,3803,US-Canada Border,06/01/2019 12:00:00 AM,Rail Containers Empty,1434
Sault Sainte Marie,Michigan,3803,US-Canada Border,06/01/2019 12:00:00 AM,Rail Containers Full,1073
Sault Sainte Marie,Michigan,3803,US-Canada Border,06/01/2019 12:00:00 AM,Train Passengers,58
Sault Sainte Marie,Michigan,3803,US-Canada Border,06/01/2019 12:00:00 AM,Trains,29
Sault Sainte Marie,Michigan,3803,US-Canada Border,06/01/2019 12:00:00 AM,Truck Containers Empty,719
Sault Sainte Marie,Michigan,3803,US-Canada Border,06/01/2019 12:00:00 AM,Truck Containers Full,2877
Sault Sainte Marie,Michigan,3803,US-Canada Border,06/01/2019 12:00:00 AM,Trucks,3214
Baudette,Minnesota,3424,US-Canada Border,06/01/2019 12:00:00 AM,Bus Passengers,378
Baudette,Minnesota,3424,US-Canada Border,06/01/2019 12:00:00 AM,Buses,16
Baudette,Minnesota,3424,US-Canada Border,06/01/2019 12:00:00 AM,Pedestrians,51
Baudette,Minnesota,3424,US-Canada Border,06/01/2019 12:00:00 AM,Personal Vehicle Passengers,29968
Baudette,Minnesota,3424,US-Canada Border,06/01/2019 12:00:00 AM,Personal Vehicles,16330
Baudette,Minnesota,3424,US-Canada Border,06/01/2019 12:00:00 AM,Truck Containers Empty,425
Baudette,Minnesota,3424,US-Canada Border,06/01/2019 12:00:00 AM,Truck Containers Full,49
Baudette,Minnesota,3424,US-Canada Border,06/01/2019 12:00:00 AM,Trucks,474
Northgate,North Dakota,3406,US-Canada Border,06/01/2019 12:00:00 AM,Trucks,1162
Northgate,North Dakota,3406,US-Canada Border,06/01/2019 12:00:00 AM,Truck Containers Full,627
Northgate,North Dakota,3406,US-Canada Border,06/01/2019 12:00:00 AM,Truck Containers Empty,607
Northgate,North Dakota,3406,US-Canada Border,06/01/2019 12:00:00 AM,Trains,15
Northgate,North Dakota,3406,US-Canada Border,06/01/2019 12:00:00 AM,Train Passengers,45
Northgate,North Dakota,3406,US-Canada Border,06/01/2019 12:00:00 AM,Rail Containers Full,513
Northgate,North Dakota,3406,US-Canada Border,06/01/2019 12:00:00 AM,Rail Containers Empty,50
Northgate,North Dakota,3406,US-Canada Border,06/01/2019 12:00:00 AM,Personal Vehicles,1122
Northgate,North Dakota,3406,US-Canada Border,06/01/2019 12:00:00 AM,Personal Vehicle Passengers,2161
Northgate,North Dakota,3406,US-Canada Border,06/01/2019 12:00:00 AM,Pedestrians,6
Noonan,North Dakota,3420,US-Canada Border,06/01/2019 12:00:00 AM,Trucks,302
Noonan,North Dakota,3420,US-Canada Border,06/01/2019 12:00:00 AM,Truck Containers Full,19
Noonan,North Dakota,3420,US-Canada Border,06/01/2019 12:00:00 AM,Truck Containers Empty,283
Noonan,North Dakota,3420,US-Canada Border,06/01/2019 12:00:00 AM,Personal Vehicles,2320
Noonan,North Dakota,3420,US-Canada Border,06/01/2019 12:00:00 AM,Personal Vehicle Passengers,3843
Neche,North Dakota,3404,US-Canada Border,06/01/2019 12:00:00 AM,Trucks,494
Neche,North Dakota,3404,US-Canada Border,06/01/2019 12:00:00 AM,Truck Containers Full,209
Neche,North Dakota,3404,US-Canada Border,06/01/2019 12:00:00 AM,Truck Containers Empty,301
Neche,North Dakota,3404,US-Canada Border,06/01/2019 12:00:00 AM,Personal Vehicles,3489
Neche,North Dakota,3404,US-Canada Border,06/01/2019 12:00:00 AM,Personal Vehicle Passengers,5921
Maida,North Dakota,3416,US-Canada Border,06/01/2019 12:00:00 AM,Trucks,66
Maida,North Dakota,3416,US-Canada Border,06/01/2019 12:00:00 AM,Truck Containers Full,11
Maida,North Dakota,3416,US-Canada Border,06/01/2019 12:00:00 AM,Truck Containers Empty,55
Maida,North Dakota,3416,US-Canada Border,06/01/2019 12:00:00 AM,Personal Vehicles,725
Maida,North Dakota,3416,US-Canada Border,06/01/2019 12:00:00 AM,Personal Vehicle Passengers,1516
Hansboro,North Dakota,3415,US-Canada Border,06/01/2019 12:00:00 AM,Trucks,4
Hansboro,North Dakota,3415,US-Canada Border,06/01/2019 12:00:00 AM,Truck Containers Full,1
Hansboro,North Dakota,3415,US-Canada Border,06/01/2019 12:00:00 AM,Truck Containers Empty,3
Hansboro,North Dakota,3415,US-Canada Border,06/01/2019 12:00:00 AM,Personal Vehicles,518
Hansboro,North Dakota,3415,US-Canada Border,06/01/2019 12:00:00 AM,Personal Vehicle Passengers,1101
Hannah,North Dakota,3408,US-Canada Border,06/01/2019 12:00:00 AM,Personal Vehicles,84
Hannah,North Dakota,3408,US-Canada Border,06/01/2019 12:00:00 AM,Personal Vehicle Passengers,145
Fortuna,North Dakota,3417,US-Canada Border,06/01/2019 12:00:00 AM,Trucks,329
Fortuna,North Dakota,3417,US-Canada Border,06/01/2019 12:00:00 AM,Truck Containers Full,331
Fortuna,North Dakota,3417,US-Canada Border,06/01/2019 12:00:00 AM,Truck Containers Empty,31
Fortuna,North Dakota,3417,US-Canada Border,06/01/2019 12:00:00 AM,Personal Vehicles,1434
Fortuna,North Dakota,3417,US-Canada Border,06/01/2019 12:00:00 AM,Personal Vehicle Passengers,2824
Dunseith,North Dakota,3422,US-Canada Border,06/01/2019 12:00:00 AM,Trucks,2536
Dunseith,North Dakota,3422,US-Canada Border,06/01/2019 12:00:00 AM,Truck Containers Full,2394
Dunseith,North Dakota,3422,US-Canada Border,06/01/2019 12:00:00 AM,Truck Containers Empty,244
Dunseith,North Dakota,3422,US-Canada Border,06/01/2019 12:00:00 AM,Personal Vehicles,6161
Dunseith,North Dakota,3422,US-Canada Border,06/01/2019 12:00:00 AM,Personal Vehicle Passengers,13429
Dunseith,North Dakota,3422,US-Canada Border,06/01/2019 12:00:00 AM,Buses,4
Dunseith,North Dakota,3422,US-Canada Border,06/01/2019 12:00:00 AM,Bus Passengers,220
Carbury,North Dakota,3421,US-Canada Border,06/01/2019 12:00:00 AM,Trucks,188
Carbury,North Dakota,3421,US-Canada Border,06/01/2019 12:00:00 AM,Truck Containers Full,97
Carbury,North Dakota,3421,US-Canada Border,06/01/2019 12:00:00 AM,Truck Containers Empty,133
Carbury,North Dakota,3421,US-Canada Border,06/01/2019 12:00:00 AM,Personal Vehicles,998
Carbury,North Dakota,3421,US-Canada Border,06/01/2019 12:00:00 AM,Personal Vehicle Passengers,2003
Carbury,North Dakota,3421,US-Canada Border,06/01/2019 12:00:00 AM,Buses,1
Carbury,North Dakota,3421,US-Canada Border,06/01/2019 12:00:00 AM,Bus Passengers,30
Antler,North Dakota,3413,US-Canada Border,06/01/2019 12:00:00 AM,Trucks,219
Antler,North Dakota,3413,US-Canada Border,06/01/2019 12:00:00 AM,Truck Containers Full,5
Antler,North Dakota,3413,US-Canada Border,06/01/2019 12:00:00 AM,Truck Containers Empty,214
Antler,North Dakota,3413,US-Canada Border,06/01/2019 12:00:00 AM,Personal Vehicles,574
Antler,North Dakota,3413,US-Canada Border,06/01/2019 12:00:00 AM,Personal Vehicle Passengers,1072
Ambrose,North Dakota,3410,US-Canada Border,06/01/2019 12:00:00 AM,Trucks,1
Ambrose,North Dakota,3410,US-Canada Border,06/01/2019 12:00:00 AM,Truck Containers Empty,1
Ambrose,North Dakota,3410,US-Canada Border,06/01/2019 12:00:00 AM,Personal Vehicles,105
Ambrose,North Dakota,3410,US-Canada Border,06/01/2019 12:00:00 AM,Personal Vehicle Passengers,183
Willow Creek,Montana,3325,US-Canada Border,06/01/2019 12:00:00 AM,Personal Vehicles,215
Willow Creek,Montana,3325,US-Canada Border,06/01/2019 12:00:00 AM,Personal Vehicle Passengers,427
Wildhorse,Montana,3323,US-Canada Border,06/01/2019 12:00:00 AM,Trucks,124
Wildhorse,Montana,3323,US-Canada Border,06/01/2019 12:00:00 AM,Truck Containers Full,173
Wildhorse,Montana,3323,US-Canada Border,06/01/2019 12:00:00 AM,Truck Containers Empty,5
Wildhorse,Montana,3323,US-Canada Border,06/01/2019 12:00:00 AM,Personal Vehicles,1462
Wildhorse,Montana,3323,US-Canada Border,06/01/2019 12:00:00 AM,Personal Vehicle Passengers,3156
Wildhorse,Montana,3323,US-Canada Border,06/01/2019 12:00:00 AM,Buses,3
Wildhorse,Montana,3323,US-Canada Border,06/01/2019 12:00:00 AM,Bus Passengers,50
Whitlash,Montana,3321,US-Canada Border,06/01/2019 12:00:00 AM,Personal Vehicles,36
Whitlash,Montana,3321,US-Canada Border,06/01/2019 12:00:00 AM,Personal Vehicle Passengers,82
Turner,Montana,3306,US-Canada Border,06/01/2019 12:00:00 AM,Trucks,50
Turner,Montana,3306,US-Canada Border,06/01/2019 12:00:00 AM,Truck Containers Full,40
Turner,Montana,3306,US-Canada Border,06/01/2019 12:00:00 AM,Truck Containers Empty,24
Turner,Montana,3306,US-Canada Border,06/01/2019 12:00:00 AM,Personal Vehicles,760
Turner,Montana,3306,US-Canada Border,06/01/2019 12:00:00 AM,Personal Vehicle Passengers,1641
Turner,Montana,3306,US-Canada Border,06/01/2019 12:00:00 AM,Pedestrians,7
Turner,Montana,3306,US-Canada Border,06/01/2019 12:00:00 AM,Buses,1
Turner,Montana,3306,US-Canada Border,06/01/2019 12:00:00 AM,Bus Passengers,25
Sweetgrass,Montana,3310,US-Canada Border,06/01/2019 12:00:00 AM,Trucks,12788
Sweetgrass,Montana,3310,US-Canada Border,06/01/2019 12:00:00 AM,Truck Containers Full,11279
Sweetgrass,Montana,3310,US-Canada Border,06/01/2019 12:00:00 AM,Truck Containers Empty,2417
Sweetgrass,Montana,3310,US-Canada Border,06/01/2019 12:00:00 AM,Trains,34
Sweetgrass,Montana,3310,US-Canada Border,06/01/2019 12:00:00 AM,Train Passengers,195
Sweetgrass,Montana,3310,US-Canada Border,06/01/2019 12:00:00 AM,Rail Containers Full,2095
Sweetgrass,Montana,3310,US-Canada Border,06/01/2019 12:00:00 AM,Rail Containers Empty,822
Sweetgrass,Montana,3310,US-Canada Border,06/01/2019 12:00:00 AM,Personal Vehicles,16154
Sweetgrass,Montana,3310,US-Canada Border,06/01/2019 12:00:00 AM,Personal Vehicle Passengers,33967
Sweetgrass,Montana,3310,US-Canada Border,06/01/2019 12:00:00 AM,Pedestrians,317
Sweetgrass,Montana,3310,US-Canada Border,06/01/2019 12:00:00 AM,Buses,11
Sweetgrass,Montana,3310,US-Canada Border,06/01/2019 12:00:00 AM,Bus Passengers,337
Scobey,Montana,3309,US-Canada Border,06/01/2019 12:00:00 AM,Trucks,58
Scobey,Montana,3309,US-Canada Border,06/01/2019 12:00:00 AM,Truck Containers Full,34
Scobey,Montana,3309,US-Canada Border,06/01/2019 12:00:00 AM,Truck Containers Empty,30
Scobey,Montana,3309,US-Canada Border,06/01/2019 12:00:00 AM,Personal Vehicles,544
Scobey,Montana,3309,US-Canada Border,06/01/2019 12:00:00 AM,Personal Vehicle Passengers,1049
Roosville,Montana,3318,US-Canada Border,06/01/2019 12:00:00 AM,Trucks,778
Roosville,Montana,3318,US-Canada Border,06/01/2019 12:00:00 AM,Truck Containers Full,399
Roosville,Montana,3318,US-Canada Border,06/01/2019 12:00:00 AM,Truck Containers Empty,402
Roosville,Montana,3318,US-Canada Border,06/01/2019 12:00:00 AM,Personal Vehicles,16818
Roosville,Montana,3318,US-Canada Border,06/01/2019 12:00:00 AM,Personal Vehicle Passengers,34120
Roosville,Montana,3318,US-Canada Border,06/01/2019 12:00:00 AM,Pedestrians,138
Roosville,Montana,3318,US-Canada Border,06/01/2019 12:00:00 AM,Buses,10
Roosville,Montana,3318,US-Canada Border,06/01/2019 12:00:00 AM,Bus Passengers,195
Raymond,Montana,3301,US-Canada Border,06/01/2019 12:00:00 AM,Trucks,1275
Raymond,Montana,3301,US-Canada Border,06/01/2019 12:00:00 AM,Truck Containers Full,1292
Raymond,Montana,3301,US-Canada Border,06/01/2019 12:00:00 AM,Truck Containers Empty,202
Raymond,Montana,3301,US-Canada Border,06/01/2019 12:00:00 AM,Personal Vehicles,2431
Alcan,Alaska,3104,US-Canada Border,06/01/2019 12:00:00 AM,Truck Containers Empty,542
Alcan,Alaska,3104,US-Canada Border,06/01/2019 12:00:00 AM,Personal Vehicles,10850
Alcan,Alaska,3104,US-Canada Border,06/01/2019 12:00:00 AM,Personal Vehicle Passengers,28016
Alcan,Alaska,3104,US-Canada Border,06/01/2019 12:00:00 AM,Pedestrians,32
Alcan,Alaska,3104,US-Canada Border,06/01/2019 12:00:00 AM,Buses,47
Alcan,Alaska,3104,US-Canada Border,06/01/2019 12:00:00 AM,Bus Passengers,1047
Santa Teresa,New Mexico,2408,US-Mexico Border,06/01/2019 12:00:00 AM,Personal Vehicles,50672
Santa Teresa,New Mexico,2408,US-Mexico Border,06/01/2019 12:00:00 AM,Personal Vehicle Passengers,110576
Santa Teresa,New Mexico,2408,US-Mexico Border,06/01/2019 12:00:00 AM,Buses,30
Santa Teresa,New Mexico,2408,US-Mexico Border,06/01/2019 12:00:00 AM,Bus Passengers,272
Roma,Texas,2310,US-Mexico Border,06/01/2019 12:00:00 AM,Personal Vehicles,54953
Roma,Texas,2310,US-Mexico Border,06/01/2019 12:00:00 AM,Personal Vehicle Passengers,104640
Roma,Texas,2310,US-Mexico Border,06/01/2019 12:00:00 AM,Buses,31
Roma,Texas,2310,US-Mexico Border,06/01/2019 12:00:00 AM,Bus Passengers,604
Fort Kent,Maine,110,US-Canada Border,06/01/2019 12:00:00 AM,Personal Vehicles,9615
Fort Kent,Maine,110,US-Canada Border,06/01/2019 12:00:00 AM,Personal Vehicle Passengers,14056
Fort Kent,Maine,110,US-Canada Border,06/01/2019 12:00:00 AM,Buses,3
Fort Kent,Maine,110,US-Canada Border,06/01/2019 12:00:00 AM,Bus Passengers,119
Detroit,Michigan,3801,US-Canada Border,06/01/2019 12:00:00 AM,Personal Vehicles,351889
Pembina,North Dakota,3401,US-Canada Border,06/01/2019 12:00:00 AM,Bus Passengers,1268
Raymond,Montana,3301,US-Canada Border,06/01/2019 12:00:00 AM,Personal Vehicle Passengers,4952
Raymond,Montana,3301,US-Canada Border,06/01/2019 12:00:00 AM,Pedestrians,102
Raymond,Montana,3301,US-Canada Border,06/01/2019 12:00:00 AM,Buses,2
Raymond,Montana,3301,US-Canada Border,06/01/2019 12:00:00 AM,Bus Passengers,36
Piegan,Montana,3316,US-Canada Border,06/01/2019 12:00:00 AM,Trucks,174
Piegan,Montana,3316,US-Canada Border,06/01/2019 12:00:00 AM,Truck Containers Full,146
Piegan,Montana,3316,US-Canada Border,06/01/2019 12:00:00 AM,Truck Containers Empty,28
Piegan,Montana,3316,US-Canada Border,06/01/2019 12:00:00 AM,Personal Vehicles,13899
Piegan,Montana,3316,US-Canada Border,06/01/2019 12:00:00 AM,Personal Vehicle Passengers,33175
Piegan,Montana,3316,US-Canada Border,06/01/2019 12:00:00 AM,Pedestrians,72
Piegan,Montana,3316,US-Canada Border,06/01/2019 12:00:00 AM,Buses,15
Piegan,Montana,3316,US-Canada Border,06/01/2019 12:00:00 AM,Bus Passengers,579
Opheim,Montana,3317,US-Canada Border,06/01/2019 12:00:00 AM,Trucks,56
Opheim,Montana,3317,US-Canada Border,06/01/2019 12:00:00 AM,Truck Containers Full,17
Opheim,Montana,3317,US-Canada Border,06/01/2019 12:00:00 AM,Truck Containers Empty,52
Opheim,Montana,3317,US-Canada Border,06/01/2019 12:00:00 AM,Personal Vehicles,371
Opheim,Montana,3317,US-Canada Border,06/01/2019 12:00:00 AM,Personal Vehicle Passengers,674
Morgan,Montana,3319,US-Canada Border,06/01/2019 12:00:00 AM,Trucks,21
Morgan,Montana,3319,US-Canada Border,06/01/2019 12:00:00 AM,Truck Containers Full,1
Morgan,Montana,3319,US-Canada Border,06/01/2019 12:00:00 AM,Truck Containers Empty,20
Morgan,Montana,3319,US-Canada Border,06/01/2019 12:00:00 AM,Personal Vehicles,711
Morgan,Montana,3319,US-Canada Border,06/01/2019 12:00:00 AM,Personal Vehicle Passengers,1483
Del Bonita,Montana,3322,US-Canada Border,06/01/2019 12:00:00 AM,Trucks,75
Del Bonita,Montana,3322,US-Canada Border,06/01/2019 12:00:00 AM,Truck Containers Full,69
Del Bonita,Montana,3322,US-Canada Border,06/01/2019 12:00:00 AM,Truck Containers Empty,6
Del Bonita,Montana,3322,US-Canada Border,06/01/2019 12:00:00 AM,Personal Vehicles,2561
Del Bonita,Montana,3322,US-Canada Border,06/01/2019 12:00:00 AM,Personal Vehicle Passengers,5441
Del Bonita,Montana,3322,US-Canada Border,06/01/2019 12:00:00 AM,Pedestrians,2
Del Bonita,Montana,3322,US-Canada Border,06/01/2019 12:00:00 AM,Buses,1
Del Bonita,Montana,3322,US-Canada Border,06/01/2019 12:00:00 AM,Bus Passengers,14
Warroad,Minnesota,3423,US-Canada Border,06/01/2019 12:00:00 AM,Trucks,431
Progreso,Texas,2309,US-Mexico Border,05/01/2019 12:00:00 AM,Truck Containers Empty,2176
Alcan,Alaska,3104,US-Canada Border,05/01/2019 12:00:00 AM,Trucks,774
Alcan,Alaska,3104,US-Canada Border,05/01/2019 12:00:00 AM,Truck Containers Full,152
Alcan,Alaska,3104,US-Canada Border,05/01/2019 12:00:00 AM,Truck Containers Empty,621
Pembina,North Dakota,3401,US-Canada Border,05/01/2019 12:00:00 AM,Buses,78
Pembina,North Dakota,3401,US-Canada Border,05/01/2019 12:00:00 AM,Personal Vehicle Passengers,50151
Pembina,North Dakota,3401,US-Canada Border,05/01/2019 12:00:00 AM,Personal Vehicles,22163
Pembina,North Dakota,3401,US-Canada Border,05/01/2019 12:00:00 AM,Rail Containers Empty,1930
Pembina,North Dakota,3401,US-Canada Border,05/01/2019 12:00:00 AM,Rail Containers Full,12314
Pembina,North Dakota,3401,US-Canada Border,05/01/2019 12:00:00 AM,Train Passengers,240
Pembina,North Dakota,3401,US-Canada Border,05/01/2019 12:00:00 AM,Trains,120
Pembina,North Dakota,3401,US-Canada Border,05/01/2019 12:00:00 AM,Truck Containers Empty,2512
Pembina,North Dakota,3401,US-Canada Border,05/01/2019 12:00:00 AM,Truck Containers Full,17672
Pembina,North Dakota,3401,US-Canada Border,05/01/2019 12:00:00 AM,Trucks,19672
Roseau,Minnesota,3426,US-Canada Border,05/01/2019 12:00:00 AM,Buses,2
Roseau,Minnesota,3426,US-Canada Border,05/01/2019 12:00:00 AM,Personal Vehicle Passengers,5377
Roseau,Minnesota,3426,US-Canada Border,05/01/2019 12:00:00 AM,Personal Vehicles,3110
Roseau,Minnesota,3426,US-Canada Border,05/01/2019 12:00:00 AM,Truck Containers Empty,99
Roseau,Minnesota,3426,US-Canada Border,05/01/2019 12:00:00 AM,Truck Containers Full,108
Roseau,Minnesota,3426,US-Canada Border,05/01/2019 12:00:00 AM,Trucks,207
Warroad,Minnesota,3423,US-Canada Border,05/01/2019 12:00:00 AM,Bus Passengers,208
Warroad,Minnesota,3423,US-Canada Border,05/01/2019 12:00:00 AM,Buses,38
Warroad,Minnesota,3423,US-Canada Border,05/01/2019 12:00:00 AM,Personal Vehicle Passengers,14785
Warroad,Minnesota,3423,US-Canada Border,05/01/2019 12:00:00 AM,Personal Vehicles,8393
Warroad,Minnesota,3423,US-Canada Border,05/01/2019 12:00:00 AM,Truck Containers Empty,194
Warroad,Minnesota,3423,US-Canada Border,05/01/2019 12:00:00 AM,Truck Containers Full,179
Warroad,Minnesota,3423,US-Canada Border,05/01/2019 12:00:00 AM,Trucks,372
Del Bonita,Montana,3322,US-Canada Border,05/01/2019 12:00:00 AM,Bus Passengers,13
Del Bonita,Montana,3322,US-Canada Border,05/01/2019 12:00:00 AM,Buses,1
Del Bonita,Montana,3322,US-Canada Border,05/01/2019 12:00:00 AM,Pedestrians,1
Del Bonita,Montana,3322,US-Canada Border,05/01/2019 12:00:00 AM,Personal Vehicle Passengers,4326
Del Bonita,Montana,3322,US-Canada Border,05/01/2019 12:00:00 AM,Personal Vehicles,2008
Del Bonita,Montana,3322,US-Canada Border,05/01/2019 12:00:00 AM,Truck Containers Empty,4
Del Bonita,Montana,3322,US-Canada Border,05/01/2019 12:00:00 AM,Truck Containers Full,54
Morgan,Montana,3319,US-Canada Border,05/01/2019 12:00:00 AM,Personal Vehicle Passengers,842
Morgan,Montana,3319,US-Canada Border,05/01/2019 12:00:00 AM,Personal Vehicles,400
Morgan,Montana,3319,US-Canada Border,05/01/2019 12:00:00 AM,Truck Containers Empty,16
Morgan,Montana,3319,US-Canada Border,05/01/2019 12:00:00 AM,Truck Containers Full,13
Morgan,Montana,3319,US-Canada Border,05/01/2019 12:00:00 AM,Trucks,23
Opheim,Montana,3317,US-Canada Border,05/01/2019 12:00:00 AM,Pedestrians,1
Opheim,Montana,3317,US-Canada Border,05/01/2019 12:00:00 AM,Personal Vehicle Passengers,347
Opheim,Montana,3317,US-Canada Border,05/01/2019 12:00:00 AM,Personal Vehicles,209
Opheim,Montana,3317,US-Canada Border,05/01/2019 12:00:00 AM,Truck Containers Empty,4
Opheim,Montana,3317,US-Canada Border,05/01/2019 12:00:00 AM,Truck Containers Full,54
Opheim,Montana,3317,US-Canada Border,05/01/2019 12:00:00 AM,Trucks,31
Piegan,Montana,3316,US-Canada Border,05/01/2019 12:00:00 AM,Bus Passengers,87
Piegan,Montana,3316,US-Canada Border,05/01/2019 12:00:00 AM,Buses,2
Piegan,Montana,3316,US-Canada Border,05/01/2019 12:00:00 AM,Personal Vehicle Passengers,15067
Piegan,Montana,3316,US-Canada Border,05/01/2019 12:00:00 AM,Personal Vehicles,7011
Piegan,Montana,3316,US-Canada Border,05/01/2019 12:00:00 AM,Truck Containers Empty,35
Piegan,Montana,3316,US-Canada Border,05/01/2019 12:00:00 AM,Truck Containers Full,143
Piegan,Montana,3316,US-Canada Border,05/01/2019 12:00:00 AM,Trucks,178
Raymond,Montana,3301,US-Canada Border,05/01/2019 12:00:00 AM,Bus Passengers,143
Raymond,Montana,3301,US-Canada Border,05/01/2019 12:00:00 AM,Buses,5
Raymond,Montana,3301,US-Canada Border,05/01/2019 12:00:00 AM,Pedestrians,73
Raymond,Montana,3301,US-Canada Border,05/01/2019 12:00:00 AM,Personal Vehicle Passengers,3646
Raymond,Montana,3301,US-Canada Border,05/01/2019 12:00:00 AM,Personal Vehicles,1967
Raymond,Montana,3301,US-Canada Border,05/01/2019 12:00:00 AM,Truck Containers Empty,264
Raymond,Montana,3301,US-Canada Border,05/01/2019 12:00:00 AM,Truck Containers Full,2253
Raymond,Montana,3301,US-Canada Border,05/01/2019 12:00:00 AM,Trucks,1914
Roosville,Montana,3318,US-Canada Border,05/01/2019 12:00:00 AM,Bus Passengers,189
Roosville,Montana,3318,US-Canada Border,05/01/2019 12:00:00 AM,Buses,5
Roosville,Montana,3318,US-Canada Border,05/01/2019 12:00:00 AM,Pedestrians,5
Roosville,Montana,3318,US-Canada Border,05/01/2019 12:00:00 AM,Personal Vehicle Passengers,26825
Roosville,Montana,3318,US-Canada Border,05/01/2019 12:00:00 AM,Personal Vehicles,13186
Roosville,Montana,3318,US-Canada Border,05/01/2019 12:00:00 AM,Truck Containers Empty,449
Roosville,Montana,3318,US-Canada Border,05/01/2019 12:00:00 AM,Truck Containers Full,349
Roosville,Montana,3318,US-Canada Border,05/01/2019 12:00:00 AM,Trucks,776
Scobey,Montana,3309,US-Canada Border,05/01/2019 12:00:00 AM,Personal Vehicle Passengers,791
Scobey,Montana,3309,US-Canada Border,05/01/2019 12:00:00 AM,Personal Vehicles,468
Scobey,Montana,3309,US-Canada Border,05/01/2019 12:00:00 AM,Truck Containers Empty,28
Scobey,Montana,3309,US-Canada Border,05/01/2019 12:00:00 AM,Truck Containers Full,41
Scobey,Montana,3309,US-Canada Border,05/01/2019 12:00:00 AM,Trucks,60
Sweetgrass,Montana,3310,US-Canada Border,05/01/2019 12:00:00 AM,Bus Passengers,165
Sweetgrass,Montana,3310,US-Canada Border,05/01/2019 12:00:00 AM,Buses,7
Sweetgrass,Montana,3310,US-Canada Border,05/01/2019 12:00:00 AM,Pedestrians,286
Sweetgrass,Montana,3310,US-Canada Border,05/01/2019 12:00:00 AM,Personal Vehicle Passengers,26809
Sweetgrass,Montana,3310,US-Canada Border,05/01/2019 12:00:00 AM,Personal Vehicles,13564
Sweetgrass,Montana,3310,US-Canada Border,05/01/2019 12:00:00 AM,Rail Containers Empty,631
Sweetgrass,Montana,3310,US-Canada Border,05/01/2019 12:00:00 AM,Rail Containers Full,2345
Sweetgrass,Montana,3310,US-Canada Border,05/01/2019 12:00:00 AM,Train Passengers,213
Sweetgrass,Montana,3310,US-Canada Border,05/01/2019 12:00:00 AM,Trains,36
Sweetgrass,Montana,3310,US-Canada Border,05/01/2019 12:00:00 AM,Truck Containers Empty,2416
Sweetgrass,Montana,3310,US-Canada Border,05/01/2019 12:00:00 AM,Truck Containers Full,12766
Sweetgrass,Montana,3310,US-Canada Border,05/01/2019 12:00:00 AM,Trucks,13613
Turner,Montana,3306,US-Canada Border,05/01/2019 12:00:00 AM,Bus Passengers,26
Turner,Montana,3306,US-Canada Border,05/01/2019 12:00:00 AM,Buses,1
Turner,Montana,3306,US-Canada Border,05/01/2019 12:00:00 AM,Pedestrians,4
Turner,Montana,3306,US-Canada Border,05/01/2019 12:00:00 AM,Personal Vehicle Passengers,1138
Turner,Montana,3306,US-Canada Border,05/01/2019 12:00:00 AM,Personal Vehicles,569
Turner,Montana,3306,US-Canada Border,05/01/2019 12:00:00 AM,Truck Containers Empty,16
Turner,Montana,3306,US-Canada Border,05/01/2019 12:00:00 AM,Truck Containers Full,37
Turner,Montana,3306,US-Canada Border,05/01/2019 12:00:00 AM,Trucks,44
Whitlash,Montana,3321,US-Canada Border,05/01/2019 12:00:00 AM,Personal Vehicle Passengers,103
Whitlash,Montana,3321,US-Canada Border,05/01/2019 12:00:00 AM,Personal Vehicles,43
Whitlash,Montana,3321,US-Canada Border,05/01/2019 12:00:00 AM,Truck Containers Full,1
Whitlash,Montana,3321,US-Canada Border,05/01/2019 12:00:00 AM,Trucks,1
Wildhorse,Montana,3323,US-Canada Border,05/01/2019 12:00:00 AM,Personal Vehicle Passengers,2147
Wildhorse,Montana,3323,US-Canada Border,05/01/2019 12:00:00 AM,Personal Vehicles,1033
Wildhorse,Montana,3323,US-Canada Border,05/01/2019 12:00:00 AM,Truck Containers Empty,9
Wildhorse,Montana,3323,US-Canada Border,05/01/2019 12:00:00 AM,Truck Containers Full,485
Wildhorse,Montana,3323,US-Canada Border,05/01/2019 12:00:00 AM,Trucks,310
Willow Creek,Montana,3325,US-Canada Border,05/01/2019 12:00:00 AM,Personal Vehicle Passengers,455
Willow Creek,Montana,3325,US-Canada Border,05/01/2019 12:00:00 AM,Personal Vehicles,217
Ambrose,North Dakota,3410,US-Canada Border,05/01/2019 12:00:00 AM,Personal Vehicle Passengers,172
Ambrose,North Dakota,3410,US-Canada Border,05/01/2019 12:00:00 AM,Personal Vehicles,105
Antler,North Dakota,3413,US-Canada Border,05/01/2019 12:00:00 AM,Personal Vehicle Passengers,1040
Antler,North Dakota,3413,US-Canada Border,05/01/2019 12:00:00 AM,Personal Vehicles,593
Antler,North Dakota,3413,US-Canada Border,05/01/2019 12:00:00 AM,Truck Containers Empty,86
Antler,North Dakota,3413,US-Canada Border,05/01/2019 12:00:00 AM,Truck Containers Full,27
Antler,North Dakota,3413,US-Canada Border,05/01/2019 12:00:00 AM,Trucks,113
Carbury,North Dakota,3421,US-Canada Border,05/01/2019 12:00:00 AM,Personal Vehicle Passengers,1662
Carbury,North Dakota,3421,US-Canada Border,05/01/2019 12:00:00 AM,Personal Vehicles,855
Carbury,North Dakota,3421,US-Canada Border,05/01/2019 12:00:00 AM,Truck Containers Empty,82
Carbury,North Dakota,3421,US-Canada Border,05/01/2019 12:00:00 AM,Truck Containers Full,44
Carbury,North Dakota,3421,US-Canada Border,05/01/2019 12:00:00 AM,Trucks,104
Dunseith,North Dakota,3422,US-Canada Border,05/01/2019 12:00:00 AM,Bus Passengers,156
Dunseith,North Dakota,3422,US-Canada Border,05/01/2019 12:00:00 AM,Buses,5
Dunseith,North Dakota,3422,US-Canada Border,05/01/2019 12:00:00 AM,Personal Vehicle Passengers,8030
Dunseith,North Dakota,3422,US-Canada Border,05/01/2019 12:00:00 AM,Personal Vehicles,3978
Dunseith,North Dakota,3422,US-Canada Border,05/01/2019 12:00:00 AM,Truck Containers Empty,418
Dunseith,North Dakota,3422,US-Canada Border,05/01/2019 12:00:00 AM,Truck Containers Full,2292
Dunseith,North Dakota,3422,US-Canada Border,05/01/2019 12:00:00 AM,Trucks,2610
Fortuna,North Dakota,3417,US-Canada Border,05/01/2019 12:00:00 AM,Bus Passengers,115
Fortuna,North Dakota,3417,US-Canada Border,05/01/2019 12:00:00 AM,Buses,3
Fortuna,North Dakota,3417,US-Canada Border,05/01/2019 12:00:00 AM,Personal Vehicle Passengers,2185
Fortuna,North Dakota,3417,US-Canada Border,05/01/2019 12:00:00 AM,Personal Vehicles,1100
Fortuna,North Dakota,3417,US-Canada Border,05/01/2019 12:00:00 AM,Truck Containers Empty,67
Fortuna,North Dakota,3417,US-Canada Border,05/01/2019 12:00:00 AM,Truck Containers Full,742
Fortuna,North Dakota,3417,US-Canada Border,05/01/2019 12:00:00 AM,Trucks,611
Hannah,North Dakota,3408,US-Canada Border,05/01/2019 12:00:00 AM,Personal Vehicle Passengers,146
Hannah,North Dakota,3408,US-Canada Border,05/01/2019 12:00:00 AM,Personal Vehicles,93
Hannah,North Dakota,3408,US-Canada Border,05/01/2019 12:00:00 AM,Truck Containers Empty,1
Hannah,North Dakota,3408,US-Canada Border,05/01/2019 12:00:00 AM,Trucks,1
Hansboro,North Dakota,3415,US-Canada Border,05/01/2019 12:00:00 AM,Personal Vehicle Passengers,874
Hansboro,North Dakota,3415,US-Canada Border,05/01/2019 12:00:00 AM,Personal Vehicles,459
Hansboro,North Dakota,3415,US-Canada Border,05/01/2019 12:00:00 AM,Truck Containers Empty,6
Hansboro,North Dakota,3415,US-Canada Border,05/01/2019 12:00:00 AM,Truck Containers Full,1
Hansboro,North Dakota,3415,US-Canada Border,05/01/2019 12:00:00 AM,Trucks,7
Maida,North Dakota,3416,US-Canada Border,05/01/2019 12:00:00 AM,Personal Vehicle Passengers,1381
Maida,North Dakota,3416,US-Canada Border,05/01/2019 12:00:00 AM,Personal Vehicles,668
Maida,North Dakota,3416,US-Canada Border,05/01/2019 12:00:00 AM,Truck Containers Empty,8
Maida,North Dakota,3416,US-Canada Border,05/01/2019 12:00:00 AM,Truck Containers Full,6
Maida,North Dakota,3416,US-Canada Border,05/01/2019 12:00:00 AM,Trucks,14
Neche,North Dakota,3404,US-Canada Border,05/01/2019 12:00:00 AM,Personal Vehicle Passengers,5604
Neche,North Dakota,3404,US-Canada Border,05/01/2019 12:00:00 AM,Personal Vehicles,3430
Neche,North Dakota,3404,US-Canada Border,05/01/2019 12:00:00 AM,Truck Containers Empty,280
Neche,North Dakota,3404,US-Canada Border,05/01/2019 12:00:00 AM,Truck Containers Full,222
Neche,North Dakota,3404,US-Canada Border,05/01/2019 12:00:00 AM,Trucks,497
Noonan,North Dakota,3420,US-Canada Border,05/01/2019 12:00:00 AM,Personal Vehicle Passengers,3615
Noonan,North Dakota,3420,US-Canada Border,05/01/2019 12:00:00 AM,Personal Vehicles,2185
Noonan,North Dakota,3420,US-Canada Border,05/01/2019 12:00:00 AM,Truck Containers Empty,318
Noonan,North Dakota,3420,US-Canada Border,05/01/2019 12:00:00 AM,Truck Containers Full,27
Noonan,North Dakota,3420,US-Canada Border,05/01/2019 12:00:00 AM,Trucks,345
Northgate,North Dakota,3406,US-Canada Border,05/01/2019 12:00:00 AM,Personal Vehicle Passengers,1899
Northgate,North Dakota,3406,US-Canada Border,05/01/2019 12:00:00 AM,Personal Vehicles,1024
Northgate,North Dakota,3406,US-Canada Border,05/01/2019 12:00:00 AM,Rail Containers Empty,157
Northgate,North Dakota,3406,US-Canada Border,05/01/2019 12:00:00 AM,Rail Containers Full,662
Northgate,North Dakota,3406,US-Canada Border,05/01/2019 12:00:00 AM,Train Passengers,17
Northgate,North Dakota,3406,US-Canada Border,05/01/2019 12:00:00 AM,Trains,17
Northgate,North Dakota,3406,US-Canada Border,05/01/2019 12:00:00 AM,Truck Containers Empty,559
Northgate,North Dakota,3406,US-Canada Border,05/01/2019 12:00:00 AM,Truck Containers Full,384
Northgate,North Dakota,3406,US-Canada Border,05/01/2019 12:00:00 AM,Trucks,940
Baudette,Minnesota,3424,US-Canada Border,05/01/2019 12:00:00 AM,Trucks,518
Baudette,Minnesota,3424,US-Canada Border,05/01/2019 12:00:00 AM,Truck Containers Full,54
Baudette,Minnesota,3424,US-Canada Border,05/01/2019 12:00:00 AM,Truck Containers Empty,464
Baudette,Minnesota,3424,US-Canada Border,05/01/2019 12:00:00 AM,Personal Vehicles,14631
Baudette,Minnesota,3424,US-Canada Border,05/01/2019 12:00:00 AM,Personal Vehicle Passengers,24811
Baudette,Minnesota,3424,US-Canada Border,05/01/2019 12:00:00 AM,Pedestrians,49
Baudette,Minnesota,3424,US-Canada Border,05/01/2019 12:00:00 AM,Buses,23
Baudette,Minnesota,3424,US-Canada Border,05/01/2019 12:00:00 AM,Bus Passengers,496
Sault Sainte Marie,Michigan,3803,US-Canada Border,05/01/2019 12:00:00 AM,Trucks,3644
Sault Sainte Marie,Michigan,3803,US-Canada Border,05/01/2019 12:00:00 AM,Truck Containers Full,3338
Sault Sainte Marie,Michigan,3803,US-Canada Border,05/01/2019 12:00:00 AM,Truck Containers Empty,793
Sault Sainte Marie,Michigan,3803,US-Canada Border,05/01/2019 12:00:00 AM,Trains,31
Sault Sainte Marie,Michigan,3803,US-Canada Border,05/01/2019 12:00:00 AM,Train Passengers,62
Sault Sainte Marie,Michigan,3803,US-Canada Border,05/01/2019 12:00:00 AM,Rail Containers Full,1119
Sault Sainte Marie,Michigan,3803,US-Canada Border,05/01/2019 12:00:00 AM,Rail Containers Empty,1415
Sault Sainte Marie,Michigan,3803,US-Canada Border,05/01/2019 12:00:00 AM,Personal Vehicles,56715
Sault Sainte Marie,Michigan,3803,US-Canada Border,05/01/2019 12:00:00 AM,Personal Vehicle Passengers,99508
Sault Sainte Marie,Michigan,3803,US-Canada Border,05/01/2019 12:00:00 AM,Buses,81
Sault Sainte Marie,Michigan,3803,US-Canada Border,05/01/2019 12:00:00 AM,Bus Passengers,851
Port Huron,Michigan,3802,US-Canada Border,05/01/2019 12:00:00 AM,Trucks,72056
Port Huron,Michigan,3802,US-Canada Border,05/01/2019 12:00:00 AM,Truck Containers Full,56219
Port Huron,Michigan,3802,US-Canada Border,05/01/2019 12:00:00 AM,Truck Containers Empty,17107
Port Huron,Michigan,3802,US-Canada Border,05/01/2019 12:00:00 AM,Trains,274
Port Huron,Michigan,3802,US-Canada Border,05/01/2019 12:00:00 AM,Train Passengers,680
Port Huron,Michigan,3802,US-Canada Border,05/01/2019 12:00:00 AM,Rail Containers Full,20889
Port Huron,Michigan,3802,US-Canada Border,05/01/2019 12:00:00 AM,Rail Containers Empty,13883
Port Huron,Michigan,3802,US-Canada Border,05/01/2019 12:00:00 AM,Personal Vehicles,125131
Port Huron,Michigan,3802,US-Canada Border,05/01/2019 12:00:00 AM,Personal Vehicle Passengers,245459
Port Huron,Michigan,3802,US-Canada Border,05/01/2019 12:00:00 AM,Pedestrians,645
Port Huron,Michigan,3802,US-Canada Border,05/01/2019 12:00:00 AM,Buses,270
Port Huron,Michigan,3802,US-Canada Border,05/01/2019 12:00:00 AM,Bus Passengers,4959
Detroit,Michigan,3801,US-Canada Border,05/01/2019 12:00:00 AM,Trucks,138678
Detroit,Michigan,3801,US-Canada Border,05/01/2019 12:00:00 AM,Truck Containers Full,94024
Detroit,Michigan,3801,US-Canada Border,05/01/2019 12:00:00 AM,Truck Containers Empty,45650
Detroit,Michigan,3801,US-Canada Border,05/01/2019 12:00:00 AM,Trains,159
Detroit,Michigan,3801,US-Canada Border,05/01/2019 12:00:00 AM,Train Passengers,477
Detroit,Michigan,3801,US-Canada Border,05/01/2019 12:00:00 AM,Rail Containers Full,8011
Detroit,Michigan,3801,US-Canada Border,05/01/2019 12:00:00 AM,Rail Containers Empty,4329
Detroit,Michigan,3801,US-Canada Border,05/01/2019 12:00:00 AM,Personal Vehicles,350424
Detroit,Michigan,3801,US-Canada Border,05/01/2019 12:00:00 AM,Personal Vehicle Passengers,575136
Detroit,Michigan,3801,US-Canada Border,05/01/2019 12:00:00 AM,Buses,464
Detroit,Michigan,3801,US-Canada Border,05/01/2019 12:00:00 AM,Bus Passengers,4827
Algonac,Michigan,3814,US-Canada Border,05/01/2019 12:00:00 AM,Personal Vehicles,4355
Vanceboro,Maine,105,US-Canada Border,05/01/2019 12:00:00 AM,Trucks,37
Vanceboro,Maine,105,US-Canada Border,05/01/2019 12:00:00 AM,Truck Containers Full,1
Vanceboro,Maine,105,US-Canada Border,05/01/2019 12:00:00 AM,Truck Containers Empty,36
Vanceboro,Maine,105,US-Canada Border,05/01/2019 12:00:00 AM,Trains,27
Vanceboro,Maine,105,US-Canada Border,05/01/2019 12:00:00 AM,Train Passengers,55
Vanceboro,Maine,105,US-Canada Border,05/01/2019 12:00:00 AM,Rail Containers Full,1184
Vanceboro,Maine,105,US-Canada Border,05/01/2019 12:00:00 AM,Rail Containers Empty,1081
Vanceboro,Maine,105,US-Canada Border,05/01/2019 12:00:00 AM,Personal Vehicles,2208
Vanceboro,Maine,105,US-Canada Border,05/01/2019 12:00:00 AM,Personal Vehicle Passengers,3096
Vanceboro,Maine,105,US-Canada Border,05/01/2019 12:00:00 AM,Pedestrians,1
Van Buren,Maine,108,US-Canada Border,05/01/2019 12:00:00 AM,Trucks,1966
Van Buren,Maine,108,US-Canada Border,05/01/2019 12:00:00 AM,Truck Containers Full,1312
Van Buren,Maine,108,US-Canada Border,05/01/2019 12:00:00 AM,Truck Containers Empty,770
Van Buren,Maine,108,US-Canada Border,05/01/2019 12:00:00 AM,Train Passengers,60
Van Buren,Maine,108,US-Canada Border,05/01/2019 12:00:00 AM,Rail Containers Full,486
Van Buren,Maine,108,US-Canada Border,05/01/2019 12:00:00 AM,Rail Containers Empty,166
Van Buren,Maine,108,US-Canada Border,05/01/2019 12:00:00 AM,Personal Vehicles,14758
Van Buren,Maine,108,US-Canada Border,05/01/2019 12:00:00 AM,Personal Vehicle Passengers,21930
Van Buren,Maine,108,US-Canada Border,05/01/2019 12:00:00 AM,Pedestrians,4
Van Buren,Maine,108,US-Canada Border,05/01/2019 12:00:00 AM,Buses,1
Van Buren,Maine,108,US-Canada Border,05/01/2019 12:00:00 AM,Bus Passengers,30
Madawaska,Maine,109,US-Canada Border,05/01/2019 12:00:00 AM,Trucks,208
Madawaska,Maine,109,US-Canada Border,05/01/2019 12:00:00 AM,Truck Containers Full,31
Madawaska,Maine,109,US-Canada Border,05/01/2019 12:00:00 AM,Truck Containers Empty,177
Madawaska,Maine,109,US-Canada Border,05/01/2019 12:00:00 AM,Personal Vehicles,34161
Madawaska,Maine,109,US-Canada Border,05/01/2019 12:00:00 AM,Personal Vehicle Passengers,48159
Madawaska,Maine,109,US-Canada Border,05/01/2019 12:00:00 AM,Pedestrians,64
Limestone,Maine,118,US-Canada Border,05/01/2019 12:00:00 AM,Trucks,498
Limestone,Maine,118,US-Canada Border,05/01/2019 12:00:00 AM,Truck Containers Full,364
Limestone,Maine,118,US-Canada Border,05/01/2019 12:00:00 AM,Truck Containers Empty,134
Limestone,Maine,118,US-Canada Border,05/01/2019 12:00:00 AM,Personal Vehicles,1381
Limestone,Maine,118,US-Canada Border,05/01/2019 12:00:00 AM,Personal Vehicle Passengers,2220
Jackman,Maine,104,US-Canada Border,05/01/2019 12:00:00 AM,Trucks,5004
Jackman,Maine,104,US-Canada Border,05/01/2019 12:00:00 AM,Truck Containers Full,1726
Jackman,Maine,104,US-Canada Border,05/01/2019 12:00:00 AM,Truck Containers Empty,3282
Jackman,Maine,104,US-Canada Border,05/01/2019 12:00:00 AM,Trains,23
Jackman,Maine,104,US-Canada Border,05/01/2019 12:00:00 AM,Train Passengers,53
Jackman,Maine,104,US-Canada Border,05/01/2019 12:00:00 AM,Rail Containers Full,853
Jackman,Maine,104,US-Canada Border,05/01/2019 12:00:00 AM,Rail Containers Empty,1081
Jackman,Maine,104,US-Canada Border,05/01/2019 12:00:00 AM,Personal Vehicles,10510
Jackman,Maine,104,US-Canada Border,05/01/2019 12:00:00 AM,Personal Vehicle Passengers,19292
Jackman,Maine,104,US-Canada Border,05/01/2019 12:00:00 AM,Pedestrians,14
Jackman,Maine,104,US-Canada Border,05/01/2019 12:00:00 AM,Buses,17
Jackman,Maine,104,US-Canada Border,05/01/2019 12:00:00 AM,Bus Passengers,594
Houlton,Maine,106,US-Canada Border,05/01/2019 12:00:00 AM,Trucks,8083
Houlton,Maine,106,US-Canada Border,05/01/2019 12:00:00 AM,Truck Containers Full,5992
Houlton,Maine,106,US-Canada Border,05/01/2019 12:00:00 AM,Truck Containers Empty,2104
Houlton,Maine,106,US-Canada Border,05/01/2019 12:00:00 AM,Personal Vehicles,18144
Houlton,Maine,106,US-Canada Border,05/01/2019 12:00:00 AM,Personal Vehicle Passengers,33035
Houlton,Maine,106,US-Canada Border,05/01/2019 12:00:00 AM,Pedestrians,9
Houlton,Maine,106,US-Canada Border,05/01/2019 12:00:00 AM,Buses,14
Houlton,Maine,106,US-Canada Border,05/01/2019 12:00:00 AM,Bus Passengers,557
Fort Kent,Maine,110,US-Canada Border,05/01/2019 12:00:00 AM,Trucks,870
Fort Kent,Maine,110,US-Canada Border,05/01/2019 12:00:00 AM,Truck Containers Full,94
Fort Kent,Maine,110,US-Canada Border,05/01/2019 12:00:00 AM,Truck Containers Empty,776
Fort Kent,Maine,110,US-Canada Border,05/01/2019 12:00:00 AM,Personal Vehicles,9104
Fort Kent,Maine,110,US-Canada Border,05/01/2019 12:00:00 AM,Personal Vehicle Passengers,13059
Fort Kent,Maine,110,US-Canada Border,05/01/2019 12:00:00 AM,Pedestrians,80
Fort Kent,Maine,110,US-Canada Border,05/01/2019 12:00:00 AM,Buses,1
Fort Kent,Maine,110,US-Canada Border,05/01/2019 12:00:00 AM,Bus Passengers,35
Fort Fairfield,Maine,107,US-Canada Border,05/01/2019 12:00:00 AM,Trucks,671
Fort Fairfield,Maine,107,US-Canada Border,05/01/2019 12:00:00 AM,Truck Containers Full,150
Fort Fairfield,Maine,107,US-Canada Border,05/01/2019 12:00:00 AM,Truck Containers Empty,521
Fort Fairfield,Maine,107,US-Canada Border,05/01/2019 12:00:00 AM,Personal Vehicles,9142
Fort Fairfield,Maine,107,US-Canada Border,05/01/2019 12:00:00 AM,Personal Vehicle Passengers,14838
Eastport,Maine,103,US-Canada Border,05/01/2019 12:00:00 AM,Trucks,254
Eastport,Maine,103,US-Canada Border,05/01/2019 12:00:00 AM,Truck Containers Full,97
Eastport,Maine,103,US-Canada Border,05/01/2019 12:00:00 AM,Truck Containers Empty,157
Eastport,Maine,103,US-Canada Border,05/01/2019 12:00:00 AM,Personal Vehicles,10307
Eastport,Maine,103,US-Canada Border,05/01/2019 12:00:00 AM,Personal Vehicle Passengers,15972
Eastport,Maine,103,US-Canada Border,05/01/2019 12:00:00 AM,Pedestrians,14
Eastport,Maine,103,US-Canada Border,05/01/2019 12:00:00 AM,Buses,2
Eastport,Maine,103,US-Canada Border,05/01/2019 12:00:00 AM,Bus Passengers,102
Calais,Maine,115,US-Canada Border,05/01/2019 12:00:00 AM,Trucks,5966
Calais,Maine,115,US-Canada Border,05/01/2019 12:00:00 AM,Truck Containers Full,4163
Calais,Maine,115,US-Canada Border,05/01/2019 12:00:00 AM,Truck Containers Empty,1847
Calais,Maine,115,US-Canada Border,05/01/2019 12:00:00 AM,Trains,29
Calais,Maine,115,US-Canada Border,05/01/2019 12:00:00 AM,Train Passengers,58
Calais,Maine,115,US-Canada Border,05/01/2019 12:00:00 AM,Rail Containers Full,123
Calais,Maine,115,US-Canada Border,05/01/2019 12:00:00 AM,Rail Containers Empty,128
Calais,Maine,115,US-Canada Border,05/01/2019 12:00:00 AM,Personal Vehicles,56114
Calais,Maine,115,US-Canada Border,05/01/2019 12:00:00 AM,Personal Vehicle Passengers,90219
Calais,Maine,115,US-Canada Border,05/01/2019 12:00:00 AM,Pedestrians,806
Calais,Maine,115,US-Canada Border,05/01/2019 12:00:00 AM,Buses,12
Calais,Maine,115,US-Canada Border,05/01/2019 12:00:00 AM,Bus Passengers,404
